:020000040800F2
:1000000000060020E1020008E3020008E302000805
:10001000E3020008E3020008E3020008E30200082C
:10002000E3020008E3020008E3020008017300088D
:10003000E3020008E3020008E3020008E30200080C
:10004000E3020008E3020008E3020008E3020008FC
:10005000E3020008E3020008E3020008E3020008EC
:10006000E3020008E3020008E30200080D4700086D
:1000700035470008614700088D470008B947000868
:10008000E14700080D480008E3020008E302000809
:10009000E3020008E3020008E3020008E3020008AC
:1000A000E3020008E3020008E3020008E30200089C
:1000B000E3020008E3020008E3020008E30200088C
:1000C000E3020008E3020008E3020008E30200087C
:1000D000E3020008E3020008E3020008E30200086C
:1000E000E3020008E3020008E3020008E30200085C
:1000F000E3020008E3020008E302000839480008B0
:10010000E3020008E302000805850008E302000896
:10011000E3020008E3020008E3020008E30200082B
:10012000654800088D480008B9480008E5480008FF
:1001300011490008E3020008E3020008E302000896
:10014000E3020008E3020008E3020008E3020008FB
:10015000394900086549000891490008E302000890
:10016000E3020008E3020008E3020008E3020008DB
:10017000E3020008997F0008E3020008E302000898
:10018000E3020008E3020008F1840008E30200082B
:10019000E3020008E3020008E3020008E3020008AB
:1001A000E3020008E3020008E3020008E30200089B
:1001B000E3020008E3020008E3020008E30200088B
:1001C000E3020008E3020008E3020008E30200087B
:1001D000E3020008857F0008E3020008E30200084C
:1001E000E3020008E3020008E3020008E30200085B
:1001F000E3020008E3020008E3020008E30200084B
:10020000E3020008E3020008E3020008E30200083A
:10021000E3020008E3020008E3020008E30200082A
:10022000E3020008E3020008E3020008E30200081A
:10023000DD840008E3020008E3020008E30200088E
:10024000E3020008E3020008E3020008E3020008FA
:10025000E3020008E3020008E3020008E3020008EA
:10026000E3020008E3020008E3020008E3020008DA
:10027000E3020008E3020008E3020008E3020008CA
:10028000E3020008E3020008E3020008E3020008BA
:10029000E3020008E3020008E3020008E3020008AA
:1002A000E3020008E3020008E3020008E30200089A
:1002B000E3020008E3020008E3020008E30200088A
:1002C000E3020008E3020008E3020008E30200087A
:1002D000E3020008E3020008E3020008E30200086A
:1002E00002E000F000F8FEE772B6374880F30888B5
:1002F000364880F3098836483649086040F20000E5
:10030000CCF200004EF63471CEF200010860BFF36B
:100310004F8FBFF36F8F40F20000C0F2F0004EF637
:100320008851CEF200010860BFF34F8FBFF36F8F8B
:100330004FF00000E1EE100A4EF63C71CEF20001E3
:100340000860022080F31488BFF36F8F07F03AF83B
:1003500006F0B2F94FF055301F491B4A91423CBF9D
:1003600041F8040BFAE71D49184A91423CBF41F895
:10037000040BFAE71A491B4A1B4B9A423EBF51F83D
:10038000040B42F8040BF8E700201849184A914280
:100390003CBF41F8040BFAE707F052F806F010FAF8
:1003A000144C154DAC4203DA54F8041B8847F9E7A6
:1003B00000F0C4F9114C124DAC4203DA54F8041B9E
:1003C0008847F9E707F03AB800060020002200202D
:1003D0000000000808ED00E00000002000060020FA
:1003E000289C0008002200206822002068220020AB
:1003F000C85D0020E0020008E0020008E0020008FA
:10040000E00200082DE9F04F2DED108AC1F80CD064
:10041000D0F80CD0BDEC108ABDE8F08F002383F338
:1004200011882846A047002005F028FFFEE705F0C8
:100430007BFE00DFFEE7000053B94AB9002908BF80
:1004400000281CBF4FF0FF314FF0FF3000F074B9AF
:10045000ADF1080C6DE904CE00F006F8DDF804E01B
:10046000DDE9022304B070472DE9F047089D0446FA
:100470008E46002B4DD18A42944669D9B2FA82F257
:1004800052B101FA02F3C2F1200120FA01F10CFA93
:1004900002FC41EA030E94404FEA1C48210CBEFBCB
:1004A000F8F61FFA8CF708FB16E341EA034306FB54
:1004B00007F199420AD91CEB030306F1FF3080F0E3
:1004C0001F81994240F21C81023E63445B1AA4B230
:1004D000B3FBF8F008FB103344EA034400FB07F7D2
:1004E000A7420AD91CEB040400F1FF3380F00A8113
:1004F000A74240F207816444023840EA0640E41B08
:1005000000261DB1D4400023C5E900433146BDE8B3
:10051000F0878B4209D9002D00F0EF800026C5E955
:10052000000130463146BDE8F087B3FA83F6002E6D
:100530004AD18B4202D3824200F2F980841A61EBE5
:10054000030301209E46002DE0D0C5E9004EDDE703
:1005500002B9FFDEB2FA82F2002A40F09280A1EBEB
:100560000C014FEA1C471FFA8CFE0126200CB1FB40
:10057000F7F307FB131140EA01410EFB03F0884239
:1005800008D91CEB010103F1FF3802D2884200F2C6
:10059000CB804346091AA4B2B1FBF7F007FB101158
:1005A00044EA01440EFB00FEA64508D91CEB0404F6
:1005B00000F1FF3102D2A64500F2BB800846A4EB51
:1005C0000E0440EA03409CE7C6F12007B34022FA3C
:1005D00007FC4CEA030C20FA07F401FA06F31C436B
:1005E000F9404FEA1C4900FA06F3B1FBF9F8200C78
:1005F0001FFA8CFE09FB181140EA014108FB0EF0BE
:10060000884202FA06F20BD91CEB010108F1FF3A0D
:1006100080F08880884240F28580A8F10208614419
:10062000091AA4B2B1FBF9F009FB101144EA014127
:1006300000FB0EFE8E4508D91CEB010100F1FF34D2
:100640006CD28E456AD90238614440EA0840A0FB6A
:100650000294A1EB0E01A142C846A64656D353D040
:100660005DB1B3EB080261EB0E0101FA07F722FA64
:1006700006F3F1401F43C5E9007100263146BDE88D
:10068000F087C2F12003D8400CFA02FC21FA03F3F0
:10069000914001434FEA1C471FFA8CFEB3FBF7F071
:1006A00007FB10360B0C43EA064300FB0EF69E4296
:1006B00004FA02F408D91CEB030300F1FF382FD22F
:1006C0009E422DD9023863449B1B89B2B3FBF7F6D7
:1006D00007FB163341EA034106FB0EF38B4208D9B0
:1006E0001CEB010106F1FF3816D28B4214D9023EF1
:1006F0006144C91A46EA004638E72E46284605E70F
:100700000646E3E61846F8E64B45A9D2B9EB0208DF
:1007100064EB0C0E0138A3E74646EAE7204694E76F
:100720004046D1E7D0467BE7023B614432E73046A2
:1007300009E76444023842E7704700BF38B501F06A
:100740006BFA01F037FC06F0D7FC054606F0CAFD4F
:100750000446D0B90F4B9D4219D001339D4241F25E
:10076000883504BF01240025002006F0CFFC0CB121
:1007700000F076F801F0C2FB00F012FD08B100F0C5
:100780006FF8284600F01AF9F9E70025ECE705466E
:10079000EAE700BF010007B008B501F009FAA0F1CF
:1007A00020035842584108BD07B5042101900DEBC4
:1007B000010001F01BFA03B05DF804FB38B53023EB
:1007C00083F31188174803680BB105F03BFE002343
:1007D000154A4FF47A71134805F02AFE002383F37B
:1007E0001188124C236813B12368013B23606368AE
:1007F00013B16368013B63600D4D2B7833B96368B7
:100800007BB9022001F0DCFA322363602B78032BE2
:1008100007D163682BB9022001F0D2FA4FF47A7342
:10082000636038BD68220020BD07000888230020CF
:1008300080220020084B187003280CD8DFE800F055
:1008400008050208022001F0ABBA022001F098BAB4
:10085000024B00225A60704780220020882300202B
:10086000F8B5504B504A1C461968013100F0998088
:1008700004339342F8D162684C4B9A4240F2918023
:100880004B4B9B6803F1006303F500339A4280F001
:100890008880002001F0E6F90220FFF7CBFF454BEE
:1008A0000021D3F8E820C3F8E810D3F81021C3F8EA
:1008B0001011D3F81021D3F8EC20C3F8EC10D3F8C2
:1008C0001421C3F81411D3F81421D3F8F020C3F87D
:1008D000F010D3F81821C3F81811D3F81821D3F861
:1008E000802042F00062C3F88020D3F8802022F0FC
:1008F0000062C3F88020D3F88020D3F8802042F033
:100900000072C3F88020D3F8802022F00072C3F870
:100910008020D3F8803072B64FF0E023C3F8084D42
:10092000D4E90004BFF34F8FBFF36F8F224AC2F8A0
:100930008410BFF34F8F536923F480335361BFF3A7
:100940004F8FD2F8803043F6E076C3F3C905C3F386
:100950004E335B0103EA060C29464CEA81770139E4
:10096000C2F87472F9D2203B13F1200FF2D1BFF319
:100970004F8FBFF36F8FBFF34F8FBFF36F8F5369ED
:1009800023F4003353610023C2F85032BFF34F8F7A
:10099000BFF36F8F302383F31188854680F3088877
:1009A0002047F8BD0000020820000208FFFF0108F0
:1009B000002200200044025800ED00E02DE9F04F35
:1009C00095B0DFF8D8922022FF21029004A8D9F830
:1009D000085001F03DFAA84A1378A3B90121A748AD
:1009E00011700360302383F3118803680BB105F0A5
:1009F00029FD0023A24A4FF47A71A04805F018FDA2
:100A0000002383F31188029B13B19E4B029A1A6054
:100A10009D4A1378032B03D000231370994A536027
:100A20004FF0000B029C5E46DA46CDF804B0012080
:100A300001F0B6F924B1934B1B68002B00F028821B
:100A4000002001F0B5F8B0F10008F3DB012001F05F
:100A500097F9A8F121031F2BE9D801A252F823F03E
:100A6000E10A0008FD0A00088B0B00082F0A0008A5
:100A70002F0A00082F0A0008150C0008070E0008AE
:100A8000F90C0008550D00087B0D0008A10D0008A9
:100A90002F0A0008B30D0008D70D00084F0E0008FC
:100AA000690B00082F0A0008970E0008ED0A0008DD
:100AB000690B00082F0A0008550D00082F0A0008CE
:100AC0002F0A00082F0A00082F0A00082F0A000822
:100AD0002F0A00082F0A00082F0A00088B0B0008B5
:100AE0000220FFF759FE002840F0FF81029B0221FF
:100AF0006648BBF1000F08BF1C4640E04FF47A7017
:100B000001F056F8071EF1DB0220FFF745FE002832
:100B1000ECD0013F052F00F2EA81DFE807F0030780
:100B20000A0D10330520FFF73FFE14E0D9F800004E
:100B3000F9E7D9F80400F6E7D9F80800F3E74FF031
:100B40001C08404608F1040801F08EF8FFF72CFE5F
:100B5000B8F12C0FF5D10120019B4FF0000A00FAEB
:100B600007F71F43FBB2019301F0BEF92EB1019BC1
:100B700003F00B030B2B08BF00240221444801F0B3
:100B800035F854E7D9F80C00CDE7002EAED0019B24
:100B900003F00B030B2BA9D10220FFF7FDFD074645
:100BA0000028A3D00120002601F05CF80220FFF706
:100BB00041FE1FFA86FB584601F064F8044688B1EE
:100BC000A8F14002584601365142514101F06AF8FD
:100BD0000028EED1BB46044602212E483E4601F0D5
:100BE00005F824E725460120FFF724FED9F8083050
:100BF000AB4207D9284601F037F8013040F07A813E
:100C00000435F3E70025204BBB463E461D701D4BC7
:100C10005D60A9E7002E3FF469AF019B03F00B0371
:100C20000B2B7FF463AF0220FFF704FE322000F0AD
:100C3000BFFFB0F10008FFF659AF18F003077FF4CB
:100C400055AF08EB0503D9F8082093423FF64EAFA5
:100C5000B8F5807F3FF74AAF0F4BB84503931FDDD0
:100C60004FF47A7000F0A4FF0028FFF63FAF039B1B
:100C7000013703F8010BF0E78423002068220020ED
:100C8000BD0700088823002080220020E49100088E
:100C9000DC910008E091000884220020002200205E
:100CA000C820FFF779FD074600283FF41FAF1F2D2E
:100CB00011D8C5F1200204AB25F003008F4942454D
:100CC000184428BF4246039201F09CF8039AFF2182
:100CD0008A4801F0BDF84FEAA803C8F387028749A4
:100CE0002846039301F0BCF8064600283FF474AF91
:100CF000039B05EB830537E70220FFF74DFD002836
:100D00003FF4F4AE00F0ECFF00283FF4EFAE002714
:100D1000B846D9F80830BB4218D91F2F11D8049B08
:100D200001330ED027F0030314AA134453F8403CB8
:100D30000C93404604220CA9043701F04DF980467B
:100D4000E7E7384600F090FF0C90F2E74046FFF7E7
:100D50002BFD09E7002364210CA80C9300F03CFF55
:100D600000287FF4C3AE0220FFF716FD00283FF4F1
:100D7000BDAE0C9800F0AAFFE9E7002364210CA89F
:100D80000C9300F029FF00287FF4B0AE0220FFF79B
:100D900003FD00283FF4AAAE0C9800F099FFD6E7B7
:100DA0000220FFF7F9FC00283FF4A0AE00F0A8FFF6
:100DB000CDE70220FFF7F0FC00283FF497AE0CA926
:100DC000142000F0A3FF0390FFF7EEFC03990CA89A
:100DD00000F00CFFC8E60220FFF7DEFC00283FF41D
:100DE00085AE474B0CAF03F1100C1868083353F86D
:100DF000041C3A46634503C21746F6D11020FFF79C
:100E0000D3FC1021E3E7322000F0D2FE071EFFF6EC
:100E10006DAEBB077FF46AAE07EB0A03D9F8082072
:100E200093423FF663AE0220FFF7B6FC00283FF482
:100E30005DAE27F003075744BA453FF495AE5046E0
:100E40000AF1040A00F010FFFFF7AEFCF4E74FF4DC
:100E50007A70FFF7A1FC00283FF448AE00F040FF95
:100E6000002849D0049B01330BD0082204A900209C
:100E700000F0F6FF00283FD02022FF2104A800F058
:100E8000E7FF2048022100F0B1FE1F4805F0FCF901
:100E900015B0BDE8F08F002E3FF428AE019B03F0A3
:100EA0000B030B2B7FF422AE002364210CA80C93C0
:100EB00000F092FE074600287FF418AE0220FFF7EC
:100EC0006BFC804600283FF411AE02210D4800F073
:100ED0008DFE41F2883005F0D7F90C9801F048F802
:100EE00046463C4601F000F8A1E506463CE64FF0D8
:100EF000000AFBE5BB466FE637466DE6842200201C
:100F0000C8910008DC910008A0860100704700002D
:100F1000704700007047000038B505461446084683
:100F20000322064900F078FF38B905F1080220468F
:100F30001021BDE8384001F07BB838BDE8910008C9
:100F40002DE9F04100F58037044616463B7C5BB93D
:100F5000C0681030204400F055FFE5683544B5F511
:100F6000004FE56002D816B1BDE8F081DEB905F0AA
:100F70007F0605F110000021C6F180062044F6B27C
:100F800032462E4400F064FFA06804F11008324697
:100F900000F10060414600F5003005F04DFE30B92B
:100FA00001233B74E0E74FF400463546ECE7A268C6
:100FB00005F11001404632442144A260E268521B10
:100FC000E26000F01FFF0220BDE8F04100F0F8BE33
:100FD000183000F0B9BC000010B5044601F052F81A
:100FE000204610BD10B5044601F04CF8204610BD57
:100FF0002DE9F04FADF53F7D0746416801222AA853
:1010000002F030FF002840F0878006468246814685
:101010001125DFF80C81DFF80CB101AB4FF48052E1
:1010200041462AA803F07EF8002875D1019AB2F54E
:10103000805F71D8002A65D00446019A9442ECD2B0
:10104000282D0FD008DC132D2DD01E2D39D0112DB9
:1010500013D00134A4B2F0E7322D2DD0372D2FD08C
:101060002D2DF6D13B68121B08EB040138461B6995
:101070002D259847BDF80440EBE7121B022A09D939
:10108000594608EB040000F0C7FE18B902342825C1
:10109000A4B2DEE718F804303A2B3DD00A2B1CBF6F
:1010A000A1461325D5E718F804300A2B34D03A2B83
:1010B00004BFA2463225CCE718F80430202BC8D054
:1010C000264618F804300A2B1AD1AAEB090208EBBD
:1010D000090102A811254F2A28BF4F2208F060F805
:1010E000A21B08EB060116A84F2A28BF4F2208F0C2
:1010F00057F83B6816AA02A9DB6838469847A8E764
:101100001E25A6E73B68384604491B69984701201D
:101110000DF53F7DBDE8F08F0020F9E7EA92000869
:1011200090230020EC91000800F1180110B504464E
:1011300086B00846019100F0F1FB2046FFF758FF0A
:1011400060B1019902A800F049FC102204F10801E5
:1011500002A807F0E5FFB0FA80F0400906B010BD24
:1011600070B504460025EEB2304600F08BFD58B154
:1011700000213046013500F095FD08B9002070BD12
:10118000022000F01DFEEEE72046FFF731FF0028A9
:10119000F4D004F58034207C80F00100EFE70000FB
:1011A000F0B5C9B005F0C0FF00F088FF18B9002500
:1011B000284649B0F0BD69462A4803F075F8002872
:1011C0004BD1294C204603F09FF8284803F09CF8A7
:1011D000274803F099F82146224803F011F9002826
:1011E000E5D1702000F048FF064610B1214B446065
:1011F0000360336830469B689847054600282ED028
:101200001A4F1948394603F0FBF805460028CED19D
:10121000194800F031FF044638B1184B47600360AD
:1012200000F58033C0E902551D74236820469B6891
:101230009847054628B10E490C4803F0E1F800280C
:10124000B5D1336830465B6898471CB123682046A7
:101250005B68984700F01AFFAAE70025FAE7044602
:10126000EFE700BFF0910008009200081792000815
:101270002D92000850920008140001006C920008A2
:101280002DE9F04FD44A8DB00B68D0F804A001933B
:101290001A440368D14E1A44D1F81C90DFF8B4C345
:1012A000DFF8B4B3D0E90234634003EA0A036340D1
:1012B00013444A6802920AEB7363029CC84A2244B0
:1012C000C468224484688AEA04051D4065401544C8
:1012D0008A68039203EB3555039CC24A2244846812
:1012E00022448AEA03042C4084EA0A041444CA68AB
:1012F00005EBF4340492164483EA05022240564476
:101300005A4032440E69059604EBB222059FB64E50
:101310003E441E4485EA040313406B4033444E6947
:10132000069602EB7363069FB04E3E442E4484EA59
:1013300002051D40654035448E69079603EB35551F
:10134000079FAB4E3E44264482EA03042C4054409F
:101350003444A84E4E4405EBF434164483EA0502A7
:1013600022405A4032440E6A089604EBB222089F8B
:10137000A14E3E441E4485EA040313406B403344AF
:101380004E6A099602EB7363099F9C4ED1F830E0D8
:101390003E44D1F83880F3442E4484EA02051D40CF
:1013A000654035448E6AA6F5244703EB35550A9609
:1013B0004F3F274482EA03042C4054403C44CF6A08
:1013C0000B9705EBF4340B9E8D4F3744029E174468
:1013D00083EA050222405A403A448A4F774404EB9C
:1013E000B2221F4485EA040313406B403B444F6B19
:1013F000BC4402EB7363654484EA020C0CEA030C00
:101400008CEA040C6544DFF854C2C44403EB355540
:10141000A44482EA03042C4054406444D1F83CC004
:10142000794905EBF4346144114483EA0502224012
:101430005A400A44754904EBB2223144079E1944CC
:1014400084EA02032B4063400B44714902EBF363CF
:1014500031440B9E0D4482EA03012140514029444E
:101460006C4D03EBF1513544019E254483EA0104A0
:1014700014405C402C44684D01EBB4443544069E56
:10148000154481EA04021A404A402A44634D04EBA1
:10149000323235440A9E1D4484EA02030B40634005
:1014A0002B445F4D02EBF3633544059E0D4482EA05
:1014B00003012140514029445A4D03EBF151654449
:1014C000254483EA010414405C402C44564D01EB52
:1014D000B4443544099E154481EA04021A404A4046
:1014E0002A44524D04EB32323544049E1D4484EAB2
:1014F00002030B4063402B444D4D02EBF363454424
:101500000D4482EA0301214051402944494D03EB37
:10151000F1513544089E2C4483EA010515405D4095
:101520002C44454D01EBB4443544039E2A4481EAE2
:1015300004051D404D402A44404D04EB32323D44E9
:101540002B4484EA020593440D4065402B443C4DF6
:1015500002EBF3633544069E294482EA03052540E5
:1015600055402944374D03EBF1514D442C4483EA57
:10157000010515405D40254401EBB54581EA0504B0
:1015800004EA03024A405A44A6F5B82B089E05EB2C
:101590003232ABF2BE6B54405B4423442A4C344499
:1015A00002EB33730B9E0C4485EA0201594021443F
:1015B000264C344403EB7151029E254482EA030415
:1015C0004C402544224C444401EB3545144483EA05
:1015D00001026A40224443E078A46AD7EECEBDC13E
:1015E00056B7C7E8DB702024AF0F7CF52AC68747C3
:1015F000134630A8019546FDD8988069AFF7448B13
:10160000BED75C892211906B2108B44962251EF671
:1016100040B340C0515A5E26AAC7B6E95D102FD626
:101620005314440281E6A1D8C8FBD3E7E6CDE121FB
:10163000D60737C3870DD5F4ED145A4505E9E3A95C
:10164000F8A3EFFCD9026F6781F6718722619D6D67
:101650000C38E5FD937198FD8A4C2A8D8E4379A64E
:10166000934C344405EB7222059E1C4481EA050329
:10167000534023448F4C344402EB33730A9E0C4492
:1016800085EA0201594021448B4C4C4403EB7151D3
:10169000254482EA03044C402C44884D354401EB38
:1016A0003444019E154483EA010262402A44844D79
:1016B0003D4404EB72221D4481EA040353402B4451
:1016C000804D354402EB3373049E294484EA0205BD
:1016D0005D4029447C4D354403EB7151079E254400
:1016E00082EA03044C402C44784D354401EB3444E9
:1016F000099E2A4483EA010565401544744A324430
:1017000004EB7525039E134481EA04026A401A44DF
:10171000704B734405EB32720B4484EA050151406F
:1017200019446D4B634402EB71511C4485EA02037A
:101730004B401C44694B334401EB3444019E1D442F
:1017400082EA010363402B44654D04EB7323354467
:10175000069E154463EA010262402A44614D03EB90
:10176000B2624D4462EA040929445F4D89EA0309E3
:10177000454449442C445D4D02EBB1513544049E2F
:1017800061EA03081D4488EA0208444401EB7444FA
:1017900064EA02034B402B44554D04EBF32375449C
:1017A00063EA010E15448EEA040E0EEB0502514D5C
:1017B00003EBB262354462EA040E29440A9D8EEAC4
:1017C000030EA5F580164C4D7144A6F6833602EB48
:1017D000B151264461EA030454403444029E01EBB3
:1017E0007444354464EA02061D444E407319089E51
:1017F000424D04EBF323354463EA01061544664089
:1018000072193F4D03EBB262654462EA0406294453
:101810003C4D5E403144079E02EBB151354461EAD4
:1018200003062C44384D56403D443444059E1D4427
:1018300001EB744464EA02034B402B44334D04EB48
:10184000F32335440B9E154463EA010262402A44A7
:101850002F4D03EBB2623544039E0D4462EA04014E
:10186000594029442B4D02EBB15135442A4E2544B1
:1018700061EA030454402C44099D01EB74442E4456
:1018800064EA02051E4485EA01039D1903681A44AF
:101890000AEB040303EBF5230260436083681C44F6
:1018A000C36819448460C1600DB0BDE8F08F00BF0B
:1018B00044EABEA4A9CFDE4B604BBBF670BCBFBEF2
:1018C000C67E9B28FA27A1EA8530EFD4051D88043F
:1018D00039D0D4D9E599DBE6F87CA21F6556ACC4B3
:1018E000442229F497FF2A43A72394AB39A093FC01
:1018F000C3595B6592CC0C8FD15D84854F7EA86FF8
:10190000E0E62CFE144301A3A111084E827E53F79A
:1019100035F23ABDBBD2D72A91D386EB094B03608F
:1019200003F18833436003F12943A3F59613A3F62B
:101930008B638360A3F18833C3600023C0E9043361
:10194000704700BF012345672DE9F843144602693B
:1019500005460E46E300C2F3C50800F118079B18C0
:10196000036122BF43690133436112F4FC7F436981
:1019700003EB5473436114D0C8F1400907EB08002E
:101980004C4504D22246BDE8F84307F0D9BB403CA1
:101990004A464E4407F0D4FB444439462846FFF7F4
:1019A0006FFCA04606EB0409B8F13F0FA9EB080154
:1019B0000AD94022384607F0C3FB39462846A8F129
:1019C0004008FFF75DFCEFE7A1096FF03F023846E2
:1019D00002FB014206EB8111D5E7000070B50B69EF
:1019E00001F1180506460C46C3F3C503EA18501C5E
:1019F0008022EA54C3F13F02072A1FD8002100F0D9
:101A000027FA29462046FFF73BFC382200212846CA
:101A100000F01EFA23692946204623656369636541
:101A2000FFF72EFC21461022304607F089FB2046A6
:101A300058220021BDE8704000F00ABAC3F1370215
:101A40000021E5E7104B70B51B780C460133DBB283
:101A5000012B12D80D4B1D684FF47A732968A2FB35
:101A6000033222460E6A01462846B047844204D11A
:101A7000074B002201201A7070BD4FF4FA7004F079
:101A800003FC0020F8E700BF1022002014220020F1
:101A9000D433002000232DE9F0471A460546884636
:101AA0000120194603F01CF80446802005F0E2F9F5
:101AB0000746002861D0002C5FD03B4E28464FF0EF
:101AC000800A736943F0C0637361D6F8143143F040
:101AD000C063C6F8143105F04FF805EB080200FBAF
:101AE00005F34FF4D06C50434FF03D0E834233D298
:101AF0003269520143D4D6F8102151013FD42168F4
:101B000003F100628A602268D7602268C2F804A0EC
:101B10002268C2F800C0D4F80090D9F8002042F042
:101B20000102C9F80020D4F80090D9F8002022F072
:101B30001E02C9F80020D4F80090D9F80020D2077E
:101B4000FBD494F80C90803361680EFA09F20A60B5
:101B5000CCE7002005F0EEF8204603F001F8384607
:101B600005F0C4F9104B5A6942F0C0625A61D3F8CB
:101B7000142142F0C062C3F81421BDE8F0870B4B7A
:101B80009A6A42F400729A629A6A42F400429A6235
:101B900061B60026012005F0CDF8B045D9D9A819C5
:101BA000013605F001F8F8E70020005200ED00E0F2
:101BB000002307B5024601210DF107008DF807301B
:101BC000FFF740FF20B19DF8070003B05DF804FB6C
:101BD0004FF0FF30F9E700000A46042108B5FFF78F
:101BE00031FF80F00100C0B2404208BD074B0A46F9
:101BF00030B41978064B53F821400146236820463B
:101C0000DD69044BAC4630BC604700BFD4330020D4
:101C100014220020A086010070B5104C0025104E43
:101C200004F0AEFF20803068238883420CD8002562
:101C30002088013804F0A0FF23880544013BB5F556
:101C4000802F2380F4D370BD04F096FF33680544E1
:101C50000133B5F5003F3360E5D3E8E7D633002024
:101C60009033002005F066B800F1006000F5003008
:101C70000068704700F10060920000F5003004F049
:101C8000DBBF0000054B1A68054B1B889B1A83427B
:101C900002D9104404F070BF002070479033002038
:101CA000D633002038B50446074D29B128682044B2
:101CB000BDE8384004F078BF2868204404F062FF93
:101CC0000028F3D038BD00BF9033002000207047BB
:101CD00000F1FF5000F58F10D0F8000870470000A9
:101CE000064991F8243033B100230822086A81F8AC
:101CF0002430FFF7BFBF0120704700BF943300209E
:101D0000014B1868704700BF0010005C194B013888
:101D10000322084470B51D68174BC5F30B042D0C46
:101D20001E88A6420BD15C680A46013C82421346DB
:101D30000FD214F9016F4EB102F8016BF6E7013AC8
:101D400003F10803ECD181420B4602D22C2203F8A6
:101D5000012B0424094A1688AE4204D1984284BF5C
:101D6000967803F8016B013C02F10402F3D1581A92
:101D700070BD00BF0010005C18220020AC9200086B
:101D8000022804D1054B4FF000429A6170470128A8
:101D9000FCD1024B4FF08052F7E700BF0010025811
:101DA000022804D1054B4FF400429A617047012884
:101DB000FCD1024B4FF48052F7E700BF00100258ED
:101DC000022805D1064A536983F4004353617047E2
:101DD0000128FCD1024A536983F48053F6E700BF1F
:101DE0000010025870B504464FF47A764CB1412C7D
:101DF000254628BF412506FB05F0641B04F044FA84
:101E0000F4E770BD002310B5934203D0CC5CC454FA
:101E10000133F9E710BD0000013810B510F9013F9A
:101E20003BB191F900409C4203D11AB10131013A12
:101E3000F4E71AB191F90020981A10BD1046FCE79A
:101E400003460246D01A12F9011B0029FAD1704745
:101E500002440346934202D003F8011BFAE770479D
:101E60002DE9F8431F4D14460746884695F824206F
:101E700052BBDFF870909CB395F824302BB9202228
:101E8000FF2148462F62FFF7E3FF95F82400414603
:101E9000C0F1080205EB8000A24228BF2246D6B25C
:101EA0009200FFF7AFFF95F82430A41B17441E449F
:101EB0009044E4B2F6B2082E85F82460DBD1FFF737
:101EC0000FFF0028D7D108E02B6A03EB820383427F
:101ED000CFD0FFF705FF0028CBD10020BDE8F88365
:101EE0000120FBE794330020024B1A78024B1A7052
:101EF000704700BFD43300201022002038B5174CA3
:101F0000174D204603F0ACFC2946204603F0D4FCD4
:101F10002D684FF47A70D5F89020D2F8043843F049
:101F20000203C2F80438FFF75DFF0E49284603F0AC
:101F3000F3FDD5F890200C49D2F8043823F00203C1
:101F4000C2F804384FF4E1330B60084B1868A04224
:101F500003D0BDE8384003F0DDBB38BDC03B0020F6
:101F6000909A0008989A0008BC33002014220020A0
:101F70000C4B70B50C4D04461E780C4B55F82620C2
:101F80009A420DD00A4B002118221846FFF760FF35
:101F90000460014655F82600BDE8704003F0BABB66
:101FA00070BD00BFD433002014220020C03B0020AD
:101FB000BC33002008B571B6054B1988054B18884D
:101FC000FFF768FD02210E20FFF764FD61B608BD32
:101FD000D63300209033002030B50A44084D91429A
:101FE0000DD011F8013B5840082340F30004013B99
:101FF0002C4013F0FF0384EA5000F6D1EFE730BD28
:102000002083B8ED00F00F0300F0F00200F0D000E4
:10201000402806D0302A09D1092B07D801200B709F
:1020200070475A1E052A01D80933F7E70020704788
:1020300073B51446451C8E18B4421AD00DF1060132
:1020400015F8010CFFF7DEFF10B9002002B070BDDB
:102050000DF1070115F8020BFFF7D4FF0028F4D0AB
:102060009DF806209DF8073043EA021304F8013B6F
:10207000E2E70120EAE700000121884238BF084674
:1020800004F030BF08B104F031BF704710B5084C00
:1020900001220849002001F0C1FE23783BB1064827
:1020A00003F052F9044803F0E3FA0023237010BD53
:1020B000D8330020BC920008B83600202DE9F0414A
:1020C000234C244E236DBBB901224FF4004104F18F
:1020D000500005F04FF8236D1B686BB901224FF4D7
:1020E000805104F1500005F045F8236D1B681BB9C1
:1020F00000203070BDE8F08133780BB1FFF7C6FFE8
:102100000324154F4FF00008114D13492846C7F816
:10211000048003F09FFA284603F034F938B1013CFB
:10212000284603F0A5FA14F0FF04E1D0EDE70B49CF
:1021300001220B4801F072FE014618B1284603F057
:1021400003F9ECE7074800F00FF80120D1E700BFE2
:10215000B8360020D833002030220020BC9200087E
:10216000DC330020C09200080FB4002004B0704798
:102170000068704703460068596870470B0A017091
:1021800043700B0C090E8370C1707047110A027006
:1021900003714170110C120E8170C2701A0A4271E3
:1021A0001A0C1B0E8271C37170470000C36A02399A
:1021B000023B8B4283BF4389006C01FB030000207C
:1021C00070470000C2F307238A76CB760378032B8F
:1021D00001BF120C0A75120A4A75704700F10B0113
:1021E0000022D30143EA520310F8012B52FA83F381
:1021F0008842DAB2F5D110467047000010B5417838
:1022000004460020013102464901022A16BFA35CA0
:10221000032203EBC03302F101021EBF9BB203EBAA
:10222000500398B29142F0D810BD000002684AB144
:10223000134613F8011B1F290DD93A29F9D1911C16
:102240008B4202D04FF0FF3070471278302AF9D11C
:10225000036000207047014B187870472836002033
:1022600038B50D46044618B9092000232B6038BD47
:102270000368002BF8D01A78002AF5D08188DA8814
:102280009142F1D1587804F09BF910F00100EBD1A4
:102290002368EBE738B50D4640F25231144602F0A0
:1022A000B9F9FF2807D9012C0BD9030A0224687059
:1022B0002B70204638BD30B1002CFAD00124287094
:1022C000F7E70024F5E70446F3E700002DE9F843BB
:1022D0000026D0F8008005460C468E76836B002BD6
:1022E0004AD098F80030042B4BD13346354640276E
:1022F00020E0B7F5187F80F0C480F90606F10106EA
:1023000008BF0237D05B02372BB900F5205292B2DA
:10231000B2F5006F0DD305F11A01C5F1FF0240EAD5
:1023200003402144FFF7B6FF002800F0AA800544CF
:1023300000200346D8F8102092F82310B142D8D8D4
:10234000002B40F09E80002D00F09B800023254450
:10235000AB766373D8F81020137903F03701DB06EE
:1023600021730BD402F13800FFF704FFC4E9000128
:1023700093896381D3892381BDE8F88300200146D6
:10238000F4E7C36C01335ED1EA6B00232E26551EA1
:10239000184615F8011F013020290CD0052908BF67
:1023A000E521092804D10B2B9EBFE71801337E736A
:1023B000E718013379730B28EBD1E118002048733B
:1023C000A17E00294BD1002B40D06FF00C0604F108
:1023D0000D000825361B331810F8011B002938D0D2
:1023E0002E298BB24AD0A3F14101192903D8117BC0
:1023F0000D4200D020330373EDE7B9F1000F05D192
:1024000000F520539BB2B3F5006F0BD307F11A010F
:10241000C7F1FF0240EA09402144FFF73BFF48B102
:102420000744002002368146D8F80C30985B00281B
:10243000E3D13846B9F1000F4FF0000218BF002079
:1024400023189A76A0E7B1463746EDE73F23A376F7
:102450000123234400219976137B03B96373D37A54
:1024600002F11C0003F03F0323730023FFF780FEFB
:1024700020606360D38A6381138B7CE710250B4651
:10248000B9E73F230125A37660E7000038B505468C
:10249000002435F8020B08B9204638BD02F0EEF8EA
:1024A0006308C2B203EBC43312FA83F39AB2C0F3E7
:1024B000072303EB520303EBC2339CB2E9E70000AE
:1024C00037B5C37804461BB90025284603B030BD94
:1024D00000F14C01826C01234078019104F096F8E0
:1024E000054680B9A36BE070A06C226BC31A9342BF
:1024F000EAD2A3780199022BE6D102440123607845
:1025000004F084F8E1E70125DFE7000038B5836CCB
:1025100005460C468B4210D0FFF7D2FF60B9224629
:10252000012305F14C01687804F04CF800281CBF29
:102530004FF0FF340120AC6438BD0020FCE7000000
:1025400038B500230446C3704FF0FF338364FFF7B0
:10255000DDFF00284BD1B4F84A524AF655239D427C
:1025600007D10B22254904F14C0006F0D9FD0028C3
:102570003FD094F84C30EB2B03D01833DBB2012B57
:102580002ED84AF655239D4206D108221C4904F153
:102590009E0006F0C5FD48B3B4F85730B3F5007F90
:1025A0001ED194F85930DBB15A1E1A4218D1B4F832
:1025B0005A30ABB194F85C30013B012B10D8B4F821
:1025C0005D306BB1B4F85F307F2B06D804F16C003E
:1025D000FFF7CEFDB0F5803F02D3B4F8623053B9B7
:1025E0004AF6552085420CBF0220032038BD042046
:1025F000FCE70120FAE70020F8E700BFEC920008B2
:10260000F892000802392DE9F04701F007044FF075
:10261000010A466C05460AFA04F41746984606EB8A
:102620001136C1F3C809E4B2314628460136FFF736
:102630006DFF18B10120BDE8F087994605EB09024E
:1026400092F84C30234214BF01210021414513D0A0
:102650006340013F82F84C3085F803A0EBD0640062
:1026600014F0FF04EAD109F1010301244FF000093D
:10267000B3F5007FE1D1D7E70220DCE7012902466C
:10268000F8B50C4640F28C800668F36A8B4240F243
:1026900087803378013B032B00F28280DFE803F070
:1026A0000229384B04EB5405B16B304601EB552140
:1026B000FFF72CFF10B14FF0FF30F8BD6F1CC5F3D2
:1026C0000805B16B3046354401EB572195F84C5065
:1026D000FFF71CFF0028EED1C7F30807E3073E44CD
:1026E00096F84C0045EA00204CBF0009C0F30B00EF
:1026F000E3E7B16B304601EB1421FFF707FF002839
:10270000D9D1640004F4FF742644B6F84C00D4E731
:10271000B16B304601EBD411FFF7F8FE0028CAD1A7
:10272000A40006F14C0004F4FE742044FFF720FDE1
:1027300020F07040C1E7D0E90430D57953EA0001B8
:1027400001D0916801B95DBB9168022DA4EB010134
:102750000DD1013B728940F1FF305B0A43EAC0535F
:10276000B3FBF2F399421BD81CD0601CA5E7032DE4
:1027700002D193698B42F8D8D3699BB9B16B3046CB
:1027800001EBD411FFF7C2FE002894D1A0004C3613
:1027900000F4FE703044FFF7EBFC20F000408CE7C3
:1027A00001208AE76FF0004087E70000F8B506686F
:1027B00004460D463378042B0CBF4FF080524FF483
:1027C00000128A4201D80220F8BDCA06FBD18268F5
:1027D0000163D2B9022B13D83389B3EB551FF2D959
:1027E000F36BA363A36B6263002BECD003EB552365
:1027F0004C36C5F308050020A3633544E563E3E7E1
:10280000F36BC271002BE7D01A4677897F02BD4275
:10281000114604D23046FFF7C9FCA063E2E7204628
:10282000FFF72CFF431C024606D00128CBD9F36AE0
:102830008342C8D9ED1BEAE70120C5E701292DE94C
:10284000F04706460C46174608D9C36A8B4205D99D
:102850000378022B62D003D8012B22D0022552E04C
:10286000033B012BFAD8816B01EBD411FFF74EFE2D
:102870000546002847D1A40006F14C0304F4FE7479
:102880001C443378042B07D0204627F07047FFF70D
:102890006FFC00F07040074339462046FFF76EFC9E
:1028A0002FE001EB5108816B01EB5821FFF72EFE61
:1028B000054640BB14F0010406F14C0908F1010A79
:1028C000C8F3080808BFFBB230461FBF19F808302C
:1028D00003F00F023B0103F0F00318BF134309F8A4
:1028E00008300123B16BF37001EB5A21FFF70EFEA4
:1028F000054640B9CAF3080A44B1C7F3071709F8F7
:102900000A700123F3702846BDE8F08719F80A30F1
:10291000C7F3032723F00F031F43F0E7816B01EB9D
:102920001421FFF7F3FD05460028ECD1640006F101
:102930004C0304F4FF741F551919C7F307274F7090
:10294000DFE70000F8B504460E461746E3690BB909
:102950001846F8BD012BA6EB0305206814BFAA1C7E
:102960003A46691CFFF76AFF0028F2D1E369013B90
:10297000E361EBE701292DE9F84306460C461746CB
:10298000056802D80220BDE8F883EB6A8B42F9D9CA
:102990007AB9A14621463046A046FFF76FFE0446AD
:1029A000B0B92B78042B02D1002F43D1F77100204E
:1029B000E9E72B78042B02D1C379022BE9D04FF041
:1029C000FF3239462846FFF739FF0028E1D0DAE721
:1029D0000128D7D0421C01D10120D4E72B78042B49
:1029E00019D1EA6AAB69023A93421CD308F1010299
:1029F000A2420CD02B78042B08D10023A2EB0902B1
:102A000049462846FFF7FEFD0028BCD1A146EB6AE7
:102A1000A342BFD8C5E7002241462846FFF70EFF74
:102A20000028DED0AFE70133AB612B7943F001031F
:102A30002B71DBE7F3798BB9B468BC4202D1022376
:102A4000F371B4E721463046FFF718FE012899D903
:102A5000431CC1D001348442EFD0A8E7032BA6D198
:102A6000B368BB42A3D8B2691344BB429FD3E6E725
:102A700070B5C3790446032B06D181688369CD18EC
:102A8000A94203D10023E371002070BD4E1C2068D1
:102A90003246FFF7D3FE0028F7D13146F0E70000B9
:102AA0002DE9F74305460191FFF70AFD044600288A
:102AB00049D105F14C09019928464FF40072FFF7FE
:102AC00075FB2146A86407464846FFF7C1F96C89A3
:102AD0006402B4F5004F28BF4FF40044B4F5007F02
:102AE0002FD9204604F006FA804630B12246002154
:102AF000640A0026FFF7ACF909E06408EEE7234614
:102B0000BA194146687803F081FD18B926446B89EB
:102B10009E42F4D3404604F0FDF96889801B18BF3B
:102B2000012003B0BDE8F08301366B899E42F4D2E8
:102B30000123BA194946687803F068FD0028F3D0EC
:102B4000EBE70026F1E70120EBE70000F8B50446CB
:102B5000FFF7B6FC0546002842D12378032B37D176
:102B60002779012F34D104F14C0601464FF400724D
:102B70003046FFF76DF955234122722184F84A321D
:102B8000AA2304F50D7084F84F2084F84B325223A9
:102B900084F8301284F84C3084F84D30612384F886
:102BA000311284F84E3084F83332A16984F832222D
:102BB000FFF7E4FA616904F50E70FFF7DFFA626B64
:102BC0003B46314601326078A26403F01FFD257157
:102BD00000226078114603F03DFD003818BF012047
:102BE000F8BD000000232DE9F0430B6085B00F46CF
:102BF0001546FFF71BFB061EC0F2B281804B53F84F
:102C00002640002C00F0AE813C6005F0FE052378E4
:102C10006BB1607803F0D4FCC70708D41DB110F085
:102C2000040500D00A25284605B0BDE8F08300233E
:102C3000F0B22370607003F0AFFCC10700F1948123
:102C40000DB14207EED400212046FFF779FC02289F
:102C500040F099806E4604F2122304F2522132466B
:102C600018461033FFF784FA42F8040B8B42F7D171
:102C7000002556F8041B00297DD02046FFF760FC94
:102C8000012879D80128A26C40F0C08004F15703D4
:102C900004F18C0113F8015B002D7BD18B42F9D13B
:102CA000B4F8B430B3F5807F74D194F8B830092B00
:102CB00070D104F19400FFF75DFA4FF0FF3317185D
:102CC00041F10001BB4275EB010363D304F1A000A5
:102CD000FFF74EFA94F8BA302063012BA37059D154
:102CE00094F8B99003FA09F91FFA89F36381002B6C
:102CF00050D0444B04F1A800FFF73AFA0646984238
:102D000048D8831C626304F1A400E362FFF730FA41
:102D100000EB020804F19C00C4F84080FFF728FA99
:102D200010441FFA89F2A06306FB02F313EB0803B9
:102D300045EB05029F4271EB02032BD32E4604F1B3
:102D4000AC00FFF715FAE06365B96389B34221D996
:102D5000E16B2046FFF72AFA81192046FFF7D6FBE0
:102D600098B90136631993F84C30812B14D0203573
:102D7000C5F30805E8E703200135042D7FF479AF9A
:102D8000042807D101E0042801D101254BE70128DF
:102D90007FF678AF0D2546E705F1140004F14C06E7
:102DA0003044FFF7E5F901280546F3D9E36A834289
:102DB000F0D96189821E236C02FB01336364A16B2D
:102DC000204601EBD511FFF7A1FB0028DDD105F06E
:102DD0007F0006EB8000FFF7CBF9431C03D00135E1
:102DE000A842ECD0D6E70425C4E90500064A2570C0
:102DF00000251388E56101339BB21380E38012E75D
:102E00002C360020FDFFFF7F30360020B4F857300D
:102E1000B3F5007FBED1B4F8626026B904F170004A
:102E2000FFF7A6F9064694F85C302663591EA37096
:102E30000129AFD894F859506581002DAAD0691E98
:102E40002942A7D1B4F85D8018F00F0FA4F80880CC
:102E5000A0D1B4F85F0018B904F16C00FFF788F94D
:102E6000B4F85A10002995D006FB03FE01EB181C9C
:102E7000F44460458ED3A0EB0C00A842B0FBF5F300
:102E800088D33E48834285D84FF6F57083426DD98A
:102E900003259F1C114402EB0C03032DE7626263C0
:102EA000A16323644CD1B4F8763053EA08037FF46D
:102EB00071AFBB0004F17800FFF75AF9E06303F249
:102EC000FF13B6EB532FFFF465AF4FF0FF33032D25
:102ED000C4E905334FF08003237187D1B4F87C3007
:102EE000012B83D1511C2046FFF710FB00287FF4F3
:102EF0007DAFB4F84A224AF6552320719A427FF4F6
:102F000075AF1F4B04F14C00FFF732F998427FF484
:102F10006DAF03F1FF5304F50C70FFF729F903F5CA
:102F20000053203398427FF461AF04F50D70FFF732
:102F30001FF9A06104F50E70FFF71AF9606155E7FB
:102F4000B8F1000F3FF426AF7144022D4FEA47035A
:102F5000E1631EBFD91907F0010303EB5103AEE78C
:102F60000B2560E60C255EE603255CE640F6F5756C
:102F7000AB428CBF022501258BE700BFF5FFFF0F99
:102F8000525261412DE9F84F07460568884649B914
:102F90006E69C6B1EB6AB34298BF0126AB69A3B9AB
:102FA000002405E0FFF76AFB0128044603D801244A
:102FB0002046BDE8F88F421C00F0D280EB6A8342C5
:102FC000F6D84646EAE70126E8E72A78EB6A042ABB
:102FD00040F08380A6F1020A023B4FF0010B9A45B4
:102FE00028BF4FF0000AD146696C284601EB193121
:102FF000FFF78CFA00283BD109F00703EA6AC9F30E
:10300000C8010BFA03F3901EDBB26A184C4609F1B3
:10301000010992F84C20814502EA030233BF5B00AC
:1030200000234FF40071DBB228BF9946B2B90234D5
:10303000631E0333BCD80123214628461A46FFF7F6
:10304000E1FA0228B3D0012800F08A80B8F1000F1D
:1030500013D10223FB710028A9D130E0CA450AD060
:10306000002BD2D10131B1F5007FBDD20123CCE7D5
:103070004FF0FF34DCE70024DAE7FB79022B07D1BD
:10308000731CA342E7D0BB68F31ABB610323FB7137
:1030900008F10102FB69A24205D113B10133FB61C2
:1030A000D9E70223FBE70BB90123FB612246414626
:1030B0003846FFF747FC00284FD10123FB61EA6A3D
:1030C000AB69023A6C6193429CBF03F1FF33AB6181
:1030D0002B7943F001032B716AE7464514D1741C28
:1030E0003846A34298BF02242146FFF7C7FA0128B9
:1030F0003FF45DAF431C33D0E0B16B69012B03D9C2
:10310000EA6A934238BF1E4634460134EB6AA34252
:1031100003D8012E7FF644AF022421463846FFF73C
:10312000ADFA48B101283FF442AF013018D0B442A3
:10313000EBD135E7002CE7D04FF0FF32214628468F
:10314000FFF77CFB48B9B8F1000FB8D022464146E2
:103150002846FFF773FB0028B1D001287FF427AF82
:103160004FF0FF3424E700002DE9F84306680446D9
:10317000076B894633782037042B0CBF4FF0805300
:103180004FF40013BB429CBF00238363836B73B176
:10319000C7F30808B8F1000F3CD10133416B8363DA
:1031A00039B93389B3EB571F34D80023A363042004
:1031B0000AE07389013B13EA57232BD1FFF75EFA2C
:1031C0000128054602D80220BDE8F883421C01D13F
:1031D0000120F9E7F36A834216D8B9F1000FE4D071
:1031E000616B2046FFF7CEFE0546C8B10128EAD044
:1031F000431CEDD001463046FFF752FC0028E7D1D2
:10320000E37943F00403E371294630466563FEF732
:10321000CDFFA0634C36002027634644E663D3E726
:103220000720D1E7F8B50E46002104460768FFF7EE
:10323000BDFA98B90546A16B3846FFF767F968B93A
:103240003A78E36B042A1B780CD11B060ED5054691
:1032500001212046FFF788FF0028ECD0042808BF92
:10326000072006E0E52B01D0002BF0D10135B54257
:10327000EED1F8BDC16C4B1C2DE9F0410446056848
:10328000066B1FD1E5274FF00108A16B2846FFF719
:103290003DF998B92A78E36B042A09BF1A781F70A0
:1032A00002F07F021A7085F80380236BB3420DD2BF
:1032B00000212046FFF758FF0028E6D0042808BF69
:1032C000022003E0FFF772FA0028DBD0BDE8F081AE
:1032D0002DE9F04105460068A96B0669FFF716F96C
:1032E000044620B9EB6B1A78852A03D002242046C5
:1032F000BDE8F081324603F1200153F8040B8B4204
:1033000042F8040BF9D1777801377F01A7F1600308
:10331000B3F5007FEAD800212846FFF725FF0428EF
:103320000446E3D00028E2D1A96B2868FFF7EEF845
:1033300004460028DBD1EB6B1A78C02AD6D106F1FF
:10334000200203F1200153F8040B8B4242F8040BD6
:10335000F9D196F823300F222C33B3FBF2F3B7EBFD
:10336000431FC3D34FF0400800212846FFF7FCFE5F
:1033700004280446BAD00028B9D1A96B2868FFF701
:10338000C5F804460028B2D1EB6B1A78C12AADD13A
:10339000B8F5187F09D206EB080203F1200153F8B3
:1033A000040B8B4242F8040BF9D108F12008474581
:1033B000DAD8B8F5187F9AD83046FEF71FFF738821
:1033C000834294D092E700000B68002210B503609E
:1033D00004460B6A83604B6AC261C37123F0FF032A
:1033E000896AC0E90432C164FFF7E0F920B92046D8
:1033F000BDE81040FFF76CBF10BD0000F8B50368D2
:10340000054601271C692046FEF7F8FEA070000A59
:103410006678E0702846E96CFFF7C8F920B1022809
:1034200028BF0220C0B2F8BDA96B2868FFF76EF86C
:103430000028F4D1EB6B04F1200254F8041B9442F1
:1034400043F8041BF9D12B68DF70002EE7D0002170
:103450002846013EFFF788FEE0E700002DE9F8432B
:103460004FF0FF0806460768042445464FF6FF79EB
:10347000B16B11B9002C73D063E03846FFF746F802
:10348000044600285DD1F06B0378002B6ED03A78AB
:10349000042A11D1852B4DD1336B3046F364FFF7ED
:1034A00017FF044600284CD13B691B7903F03F030A
:1034B000B3712046BDE8F883C27AE52B02F03F02E3
:1034C000B27143D02E2B41D022F0200108293DD0EB
:1034D0000F2A40D1590637D503F0BF05336B90F85A
:1034E0000D80F364437B434530D1428B72BB03783C
:1034F0000D21FC6823F04003DFF874E0013B4B43EF
:1035000001211EF801CB30F80CC009B3FF2B1DD8E8
:1035100024F813C06146013301320D2AF1D102783B
:10352000520605D521B1FF2B10D8002224F8132014
:10353000013DEDB200213046FFF716FE044600289B
:1035400096D00023B363B4E7AB42CBD0FF25F1E7BD
:10355000CC45E1D0FAE72DB9FEF740FE404501D158
:103560000024A6E74FF0FF33F364A2E70424E8E762
:10357000949300082DE9F04F002187B00446D0F85D
:103580000090FFF713F9804670B999F80030042BCA
:1035900033D1D9F80C00FEF779FF07462046FFF734
:1035A0005DFF054620B18046404607B0BDE8F08F7C
:1035B000D9F810309A8CBA42F0D193F823B0402653
:1035C0005D4506D1D9F80C3033F81530002BE5D124
:1035D000EAE7F106D9F8103008BF0236985B01F02F
:1035E0004DF8D9F80C30824633F8150001F046F852
:1035F0008245D3D102360135E2E74FF0FF0A4FF0A2
:10360000FF3B5546C4F84CB0A16B4846FEF77EFF21
:1036100000285CD1E66B3778002F77D0F27AE52F5F
:1036200002F03F03A37103D0120704D50F2B04D07F
:10363000C4F84CB04FE00F2B54D194F84B305806DF
:103640003FD4790645D5236B07F0BF0796F80DA048
:10365000E364737B53453ED1738B002B3BD13578AC
:103660000121D9F80C3005F03F0501930D23013DF0
:103670005D43284B13F8012BB25A71B3FF2D05930C
:1036800029D81046049200F0F9FF6B1C03900293B6
:10369000019B33F8150000F0F1FF039981421AD124
:1036A000049A029D1146059B1B4A9342E2D133784E
:1036B0005A0604D519B1019B33F815305BB97D1E4C
:1036C000EDB200212046FFF74FFD00289CD0804638
:1036D0006AE7BD42BDD0FF25F3E74FF6FF70824297
:1036E000E2D0F8E72DB93046FEF778FD50453FF4BB
:1036F0005BAF94F84B30DB079AD40B2204F1400106
:10370000304605F00DFD002892D14DE74FF004083A
:103710004AE700BF94930008A19300082DE9F04FF9
:1037200090F84BB099B004461BF0A00540F06881BA
:103730000668F26832F81530002B4AD13378042B32
:1037400040F087800F230E352046B5FBF3F5A91C0A
:10375000FFF768FD8146002877D1236B0135A3EB85
:103760004515E3795A07E56435D523F0040320466F
:10377000E371FFF77DF950BB4FF0FF32616B2046DC
:10378000FFF7E0F818BBA3682BB3214604A8FFF7A6
:103790001BFEE0B970894FF40071D4E90423E0FB0B
:1037A00001233069C4E904233830FEF7EFFC3069A7
:1037B000D4E904232830FEF7E9FCE379326904A850
:1037C00043F0010382F82130FFF718FE18B181465B
:1037D0003BE00135AEE7D6E9035440220021204604
:1037E000FEF736FB8523012140222370C0234FF0D2
:1037F000C10C04EB010884F8203000231E469E46CD
:10380000571C04F802C0F0B2023204F807E021B1FC
:1038100035F8131009B10133DBB20F0AA15408F8CF
:1038200002700232D706F2D135F813700136002F3C
:10383000E6D184F82330831C28466370FEF726FE09
:1038400084F82400000A84F82500484619B0BDE831
:10385000F08F04F140070DF1100A1BF0010F97E8FB
:1038600007008AE8070000F0D38040234FF00108EA
:1038700084F84B30BC46F368B8F1050F9AE80700AE
:10388000ACE803002CF8022B4FEA12428CF800201F
:1038900059D9981E424630F8021F002942D10DF135
:1038A0000F0C072102F00F0E914612090EF13000A5
:1038B000392888BF0EF1370001390CF8010902D010
:1038C000B9F10F0FEED818AB7E205A1802F8580C39
:1038D00038460022914206D010F801CB02F1010EC9
:1038E000BCF1200F31D104F13F0C072902F1010294
:1038F00097BF18AB20205818013198BF10F8580C0A
:10390000072A0CF80200F0D92046FFF733FE814663
:10391000002878D108F10108B8F1640FAAD14FF05E
:10392000070992E74FF0100C01F0010E49080EEB69
:103930004202D30344BF82F4883282F02102BCF1F8
:10394000010CF1D1A7E74246A9E77246C2E7216B15
:103950002046A1EB4511FEF729FF814600287FF4A0
:1039600074AF4FF6FF783846FEF738FC0190A16B34
:103970003046FEF7CBFD814600287FF466AFE36B4F
:10398000E9B2019A4FF00D0CD6F80CE05A734FF0E3
:103990000F02DFF8E0A0DA724A1E18730CFB02F285
:1039A00084469876D87640451AF8019B0CF1010CB4
:1039B00018BF3EF8120003EB090B18BF013203F8E1
:1039C00009004FEA1029002808BF4046BCF10D0F3E
:1039D0008BF80190E7D1404502D03EF812200AB999
:1039E00041F040011970012300212046F370FFF7D8
:1039F000BBFB814600287FF428AF013DB7D11BE017
:103A00004FF0060921E704287FF41FAF84F84BB07C
:103A10001BF0020F20461BBF0C350D210125B5FB05
:103A2000F1F518BF01352946FFF7FCFB8146002858
:103A30007FF40BAF013D8AD1A16B3046FEF766FDE6
:103A4000814600287FF401AF01462022E06BFEF79B
:103A5000FFF9E36B03CF18605960BA7839889A721E
:103A6000198194F84B30E26B03F0180313730123B0
:103A7000F370EAE69493000810B504460A46343021
:103A8000FEF776FB886004F13800FEF773FBC2E9AD
:103A9000040194F8213003F00203D3710023D361B1
:103AA00010BD000003284B8B04BF8A8A43EA0243FF
:103AB000184670472DE9F04F0B7899B004468946B7
:103AC0002F2BD0F800B001D05C2B09D14A461378D7
:103AD000914601322F2BFAD05C2BF8D0002301E065
:103AE000DBF81C30A3600023E3619BF80030042B5B
:103AF0001ED1A368E3B1DBF82030214604A823627D
:103B0000DBF824306362DBF82830A362FFF75CFC4B
:103B10000346002854D1DBF8102002F13800FEF7EC
:103B200027FBC4E9040392F8213003F00203E37198
:103B300099F800301F2B00F23581802300212046A8
:103B400084F84B3019B0BDE8F04FFEF72FBE494660
:103B50000B78894601312F2BFAD05C2BF8D01F2B24
:103B60008CBF00250425012F2FD113882E2B31D196
:103B7000002322F8173004F140029F428CBF2E210F
:103B8000202101330B2B02F8011BF6D145F0200553
:103B9000204684F84B50FFF7EDFC94F84B3000289A
:103BA00000F0E78004280BD1990603F0040240F1ED
:103BB000DC80002A00F0F6808023002084F84B305F
:103BC00019B0BDE8F08F0425CDE7022F02D153884C
:103BD0002E2BCAD0911E87BB002322F81730002F4E
:103BE00000F0118132F81300194601332028F9D072
:103BF00009B92E2801D145F00305901E30F8173081
:103C00002E2B01D0013FF9D14FF020334FF0000AA5
:103C10006364D0462364C4F847300823481C32F854
:103C200011600090F6B1202E03D02E2E0DD1B84297
:103C300010D045F003050099F0E731F81730202B3C
:103C400001D02E2BC8D1013FC5E79A4505D2009976
:103C5000B9423BD10B2B30D101E00B2B27D145F0E2
:103C600003050B2394F84020E52A04BF052284F8BD
:103C70004020082B04BF4FEA88085FFA88F808F054
:103C80000C030C2B03D008F00303032B01D145F0E8
:103C90000205A8073FF57CAF18F0010F18BF45F0EB
:103CA000100518F0040F18BF45F0080570E70099DB
:103CB000B94202D045F00305D4D84FEA88080B2357
:103CC0004FF0080A00975FFA88F8B4E77F2E15D9FD
:103CD000304640F25231CDE9022345F00203019310
:103CE00000F098FC10F0800F0646DDE9022316D0A4
:103CF00000F07F0646498E5D019D46B3314645483A
:103D0000CDE9012305F036FADDE90123F8B9A6F182
:103D1000410189B219291ED848F0020810E0FF2895
:103D2000EAD9591E8A4503D345F003059A4682E72E
:103D300004EB0A01000A0AF1010A019D81F8400022
:103D400004EB0A010AF1010A81F8406073E745F0CB
:103D500003055F26F4E7A6F1610189B219299EBF28
:103D6000203E48F00108B6B2EAE7002A08BF052065
:103D700026E75A073FF524AFA379DB0645D59BF824
:103D80000000042835D1A3682146E2792362236923
:103D9000DBF8100023F0FF0313436362E36CA362BC
:103DA000FFF76AFE23680027DA6819F8010B00287C
:103DB0003FF409AF40F25231009200F04BFC05464F
:103DC00008B31F28009A7FF6FEAE2F283FF4BFAE3F
:103DD0005C283FF4BCAE7F2805D801460E4805F0AC
:103DE000C9F9009A78B9FF2F0DD022F81750013782
:103DF000DBE7216B0BF14C03C1F308011944FFF71A
:103E000051FEA060CEE70620DAE60520D8E600BF26
:103E1000149300080D930008049300081FB5CDE922
:103E2000001003A814460391FEF700FA002815DBE2
:103E30000B4A52F820300BB100211970019B0BB1D5
:103E40000021197042F820302CB1002201A96846E7
:103E5000FEF7C8FE0446204604B010BD0B24FAE766
:103E60002C3600202DE9F04798B090460546019188
:103E7000002800F0528102F03F0603A901A8324653
:103E8000FEF7B0FE002840F04681039B4FF48C60A3
:103E9000049303F02FF80746002800F04081039BAD
:103EA00000F500720199D86004A81A61FFF702FEBC
:103EB000044620B99DF95B30002BB8BF062418F0EA
:103EC0001C0F00F0CD80002C4CD0042C40D104A855
:103ED000FFF724FC044600283AD146F00806039B6D
:103EE0001A78042A40F08380186929462B60FFF76E
:103EF000C3FD039B1E22002118690230FDF7A8FFB5
:103F0000039C00211A2220692630FDF7A1FF2369B6
:103F100020221A71246903F027F80146012208348F
:103F20002046FEF72BF9039B04A81B6983F8212088
:103F3000FFF764FA044658B9A96801B30246284657
:103F4000FEF718FDAB68039A0446013B5361B4B118
:103F5000384602F0DFFF0CB100232B60204618B07A
:103F6000BDE8F0879DF8163013F0110F40F0848003
:103F700018F0040F40F0C98018F0080FAFD1039A71
:103F800031071399936C48BF46F04006E964AB646F
:103F90001078042872D1069B9DF817102B62089B9D
:103FA000106923F0FF030B4329466B62179BAB623A
:103FB000FFF762FDDDF80CA00024002205F1500897
:103FC000BAF8063021464046C5F800A0AB80002371
:103FD00085F8306085F831406C64C5E90E234FF4F4
:103FE0000072FDF735FFB20653D40024B0E702F0AB
:103FF000BBFF0146009013980E30FEF7BFF81398F0
:1040000000991630FEF7BAF8039C13992078FFF751
:1040100049FD202300228046CB7220461399FEF7EB
:10402000D1F8139B002201211A775A779A77DA7711
:10403000039BD970B8F1000FA1D0414604A8D3F872
:104040004890FEF797FC0446002881D14946039822
:10405000FEF75CFA039B044608F1FF30586176E7EF
:10406000002C7FF475AF9DF81630DC064FD418F0A5
:10407000020F84D0D80782D5072469E7FFF712FD25
:104080000023A86001F11C00FEF772F86B61286143
:1040900090E7D5E9046956EA0903A6D0BAF80AA060
:1040A000A9684FEA4A2AC5E90E69B24574EB0903CB
:1040B0001BD300242964002C7FF44AAFC6F3080305
:1040C000002B92D0039C2046FEF770F808B3760AC6
:1040D0000123414646EAC95682196A64607802F0B3
:1040E00071FA041E18BF012432E72846FEF7C6FA0B
:1040F000B6EB0A06014669F10009012803D9431C01
:10410000D3D10124D6E70224D4E7082420E70424ED
:104110001EE702241CE704461EE709241EE71124BB
:104120001CE700002DE9F04F994685B00023884632
:1041300003A90446C9F800301646FEF791F8054673
:1041400080BB94F831506DBB94F8303013F001030C
:10415000009300F0A68004F1500AD4E90432D4E9B7
:104160000E011B1A62EB0102B34272F1000238BF6A
:104170001E46BEB1D4E90E10C1F30803002B40F077
:104180008280039B5A894B0A013A43EAC0531A4082
:104190001BD151EA000309D1A06801280DD80225DE
:1041A00084F83150284605B0BDE8F08F216C2046D8
:1041B0000192FEF763FA019AEFE7431C04D1012351
:1041C000009D84F83130EDE72064DDF80CB0216CFF
:1041D0005846FDF7EBFF0028E1D0B6F5007F02EB73
:1041E000000731D3BBF80A1002EB5620730A88424D
:1041F0009BF8010088BF8B1A3A464146019302F0B2
:10420000E1F90028DBD194F93020019B002A0BDA78
:10421000606CC01B984207D24FF40072514608EB05
:104220004020FDF7EFFD019B5F02D9F80030F61B3F
:10423000B8443B44C9F80030D4E90E32DB1942F1EE
:104240000002C4E90E3294E7626CBA421AD094F9C3
:104250003030002B0DDA012351469BF8010002F0AB
:10426000D5F90028ABD194F8303003F07F0384F8FF
:104270003030039801233A465146407802F0A2F9C3
:1042800000289CD16764A16B4046C1F30801C1F5C9
:1042900000775144B74228BF37463A46FDF7B2FD92
:1042A000C3E707257EE7000070B596B00E460022F2
:1042B000019002A901A8FEF795FC0446E0B94FF46D
:1042C0008C6002F017FE0546D8B1029B00F5007223
:1042D0000199D86002A81A61FFF7ECFB044640B9C7
:1042E0009DF95330002B0ADB1EB1314602A8FDF7C1
:1042F000EDFF284602F00EFE204616B070BD0624E3
:10430000F7E71124F8E7000070B5B8B00222019079
:1043100003A901A8FEF766FC044608BB039B4FF403
:104320008C60109302F0E6FD0546002866D0039BE2
:1043300000F500720199D86010A81A61FFF7BAFB66
:10434000044650B99DF88B30980655D4190653D4BD
:104350009DF84630DA0706D50724284602F0DAFD34
:10436000204638B070BD039B04931878042814D1FC
:1043700004A91869FFF780FB069E9DF84630DB060E
:1043800010D410A8FEF776FF04460028E5D156BBEE
:104390000398FEF7DBFB0446DFE71F99FFF782FB7C
:1043A0000646EAE7039BDA69B242D5D0249300219E
:1043B000269624A81B78042B01BFDDE90823CDE94C
:1043C00028239DF817308DF89730FEF7EFF9044653
:1043D0000028C2D124A8FFF741F804460028BBD02A
:1043E0000428BAD1CDE70246314604A8FEF7C2FA46
:1043F00004460028B1D1CBE70624AEE71124AFE78D
:10440000F0B5BDB0CDE900106846FDF70FFF022200
:1044100003A901A8FEF7E6FB0446002841D1039B4F
:104420004FF48C60149302F065FD0546002800F0FF
:10443000EE80039B00F5007214AE0199D8601A61FA
:104440003046FFF737FB044640BB9DF89B3013F026
:10445000A00F40F0D880039B009F1A78042A68D1EF
:104460001B6904AC03F1400C1868083353F8041CB2
:104470002246634503C21446F6D15022314628A88D
:10448000FDF7C0FC394628A8FFF714FB04460028B6
:104490004CD12A9A169B9A4206D00824284602F04C
:1044A00039FD20463DB0F0BD349A209B9A42F4D1AC
:1044B00028A8FFF733F904460028EFD1039B04AF87
:1044C0001B6993F801E093F823C09C8C3A460833AB
:1044D00003CAB24243F8080C43F8041C1746F5D14E
:1044E000039B28A81B6983F801E0039B1A6982F8E3
:1044F00023C01A6982F82440240A82F825401A69E8
:104500001379D9065CBF43F020031371FEF776FFE1
:1045100004460028C2D13046FEF7ACFE044600280F
:10452000BCD10398FEF712FB0446B7E70428B5D1C7
:10453000BEE7239A04AB02F1200C1068083252F84F
:10454000041C1C46624503C42346F6D15022314662
:1045500028A8FDF757FC394628A8FFF7ABFA044610
:1045600000284CD12A9A169B9A4296D1349A209BC5
:104570009A4292D128A8FFF7D1F8044600288DD19D
:1045800037990DF11D030DF12D0001F10D0253F8C6
:10459000044B834242F8044BF9D11888012710805C
:1045A0009B7893709DF81B30039CDA0658BF43F04C
:1045B0002003CB72E770CB7ADB06ACD5169A2A9B28
:1045C0009A42A8D02078FFF76DFA01462046FDF701
:1045D000EDFD0146C8B12046FDF798FF04460028CE
:1045E0007FF45CAF039890F86D302E2B93D12A9A0C
:1045F00000F16C01FDF7E6FD039BDF708BE70428FB
:104600007FF44CAFB6E7062448E7022446E71124BE
:1046100047E700007F2810B501D880B210BDB0F583
:10462000803F13D240F2523399420FD10849002201
:1046300031F8024B93B2844203D103F18000C0B23F
:10464000ECE70132802AF3D11346F6E70020E5E7D4
:10465000549600087F280DD940F25233994208D170
:10466000FF2806D800F10040034B803833F81000D3
:1046700070470020704700BF54960008B0F5803F97
:10468000F0B522D21F4A83B21F49B0F5805F28BF20
:104690000A46141D34F8042C2146AAB1934213D3C0
:1046A00034F8025C2E0AEFB252FA85F5A84222DAFB
:1046B000082E09D8DFE806F0050A10121416181A99
:1046C0001C00801A34F810301846F0BD981A00F01B
:1046D00001001B1A9BB2F7E7103BFBE7203BF9E711
:1046E000303BF7E71A3BF5E70833F3E7503BF1E7D8
:1046F000A3F5E353EEE70434002ECBD101EB4702E0
:10470000C7E700BFA49300089895000808B5074BB9
:10471000074A196801F03D01996053680BB1906830
:104720009847BDE8084002F023BE00BF00000240E9
:104730003436002008B5084B1968890901F03D019D
:104740008A019A60054AD3680BB110699847BDE8A1
:10475000084002F00DBE00BF0000024034360020C9
:1047600008B5084B1968090C01F03D010A049A606C
:10477000054A53690BB190699847BDE8084002F0BB
:10478000F7BD00BF000002403436002008B5084BDA
:104790001968890D01F03D018A059A60054AD369BF
:1047A0000BB1106A9847BDE8084002F0E1BD00BFB8
:1047B000000002403436002008B5074B074A59680C
:1047C00001F03D01D960536A0BB1906A9847BDE88A
:1047D000084002F0CDBD00BF00000240343600208A
:1047E00008B5084B5968890901F03D018A01DA6072
:1047F000054AD36A0BB1106B9847BDE8084002F038
:10480000B7BD00BF000002403436002008B5084B99
:104810005968090C01F03D010A04DA60054A536B3E
:104820000BB1906B9847BDE8084002F0A1BD00BFF6
:10483000000002403436002008B5084B5968890D45
:1048400001F03D018A05DA60054AD36B0BB1106CAB
:104850009847BDE8084002F08BBD00BF0000024051
:104860003436002008B5074B074A196801F03D01AE
:104870009960536C0BB1906C9847BDE8084002F00A
:1048800077BD00BF000402403436002008B5084B55
:104890001968890901F03D018A019A60054AD36CC3
:1048A0000BB1106D9847BDE8084002F061BD00BF34
:1048B000000402403436002008B5084B1968090C82
:1048C00001F03D010A049A60054A536D0BB1906DE9
:1048D0009847BDE8084002F04BBD00BF000402400D
:1048E0003436002008B5084B1968890D01F03D01E8
:1048F0008A059A60054AD36D0BB1106E9847BDE8E2
:10490000084002F035BD00BF0004024034360020EC
:1049100008B5074B074A596801F03D01D960536E4D
:104920000BB1906E9847BDE8084002F021BD00BF72
:10493000000402403436002008B5084B5968890944
:1049400001F03D018A01DA60054AD36E0BB1106FA8
:104950009847BDE8084002F00BBD00BF00040240CC
:104960003436002008B5084B5968090C01F03D01A8
:104970000A04DA60054A536F0BB1906F9847BDE89F
:10498000084002F0F5BC00BF0004024034360020AD
:1049900008B5084B5968890D01F03D018A05DA60B8
:1049A000054AD36F13B1D2F880009847BDE808409C
:1049B00002F0DEBC000402403436002000230C4923
:1049C00010B51A460B4C0B6054F82300026001EB43
:1049D000430004334260402BF6D1074A4FF0FF33C7
:1049E0009360D360C2F80834C2F80C3410BD00BF25
:1049F0003436002054970008000002400F28F8B514
:104A000010D9102810D0112811D0122808D10F2445
:104A10000720DFF8C8E00126DEF80050A04208D9E0
:104A2000002653E00446F4E70F240020F1E70724B2
:104A3000FBE706FA00F73D424AD1264C4FEA001C3C
:104A40003D4304EB00160EEBC000CEF80050C0E969
:104A50000123FBB273B12048D0F8D83043F00103F2
:104A6000C0F8D830D0F8003143F00103C0F800316D
:104A7000D0F8003117F47F4F0ED01748D0F8D83057
:104A800043F00203C0F8D830D0F8003143F00203FD
:104A9000C0F80031D0F8003154F80C00036823F05E
:104AA0001F030360056815F00105FBD104EB0C033F
:104AB0003D2493F80CC05F6804FA0CF43C60212498
:104AC0000560446112B1987B00F05CFB3046F8BD94
:104AD0000130A3E754970008004402583436002000
:104AE00010B5302484F31188FFF788FF002383F387
:104AF000118810BD10B50446807B00F059FB0123DE
:104B00001549627B03FA02F20B6823EA0203DAB268
:104B10000B6072B9114AD2F8D81021F00101C2F825
:104B2000D810D2F8001121F00101C2F80011D2F81A
:104B3000002113F47F4F0ED1084BD3F8D82022F078
:104B40000202C3F8D820D3F8002122F00202C3F8F1
:104B50000021D3F8003110BD343600200044025843
:104B600008B5302383F31188FFF7C4FF002383F3D4
:104B7000118808BD836CC26A8B42506810B506D993
:104B80005A1E4C0002EB4103B3FBF4F3184410BD72
:104B900001F001038A0748BF43F002034A0748BFF8
:104BA00043F008030A0748BF43F00403CA0648BF9E
:104BB00043F010038A06426B48BF43F020031343BF
:104BC0004363704710B5074C204600F037FD064B95
:104BD0000022C4E91023054BA364054BE363054B96
:104BE000E36410BDB83600200024024800B4C404B9
:104BF0000C3700200C390020C36A0BB9104BC3627C
:104C00000379012B11D10F4B98420ED10E4BD3F8E3
:104C1000DC2042F40072C3F8DC20D3F8042142F413
:104C20000072C3F80421D3F80431436C00221A65E2
:104C3000DA621A605A605A624FF0FF329A63704724
:104C400054980008B8360020004402580379012B1C
:104C500029D0436C00221A65DA621A605A605A62DF
:104C60004FF0FF329A63104B98421CD10F4BD3F890
:104C7000842042F40072C3F88420D3F8842022F404
:104C80000072C3F88420D3F88420D3F8DC2022F407
:104C90000072C3F8DC20D3F8042122F40072C3F8B8
:104CA0000421D3F804317047B8360020004402587C
:104CB00010B5446C0649FFF75DFF6060236842F25F
:104CC000107043F003032360BDE8104001F0DCBA2C
:104CD000801A06000129F8B5466C0B4F09D175689A
:104CE0000A493D40FFF746FF054345F4805575608E
:104CF000F8BD746806493C40FFF73CFF044344F4A8
:104D000080547460F4E700BF00ECFFFF80F0FA020B
:104D100040787D01436C00225A601A6070470000A1
:104D2000426C0129536823F4404304D0022905D082
:104D300001B95360704743F48043FAE743F40043FA
:104D4000F7E70000436C41F480519A60D9605A6BD8
:104D50001206FCD580229A637047000010B541F41A
:104D60008851446CA260E160616B11F04502FBD098
:104D7000A26311F0040203D0FFF70AFF012010BD67
:104D8000616910461960FAE710B541F48851446C26
:104D9000A260E160616B11F04502FBD0A26311F0EB
:104DA000050203D0FFF7F4FE012010BD6169104633
:104DB0001960FAE773B5134604460E46302282F3B3
:104DC0001188426CD26B32B14FF0FF314030019309
:104DD00001F066FA019B606C00220265C263C26248
:104DE000456B15F4807504D185F31188012002B05C
:104DF00070BD4FF0FF31816382F31188012E06D917
:104E00000C21204602B0BDE87040FFF7BDBF104640
:104E1000EDE7000073B5446C0E4600250192616B0E
:104E2000A1632565E562FFF7B3FE012E07D9019B5B
:104E30002A460C2102B0BDE87040FFF7A5BF02B0C2
:104E400070BD000010B541F49851446CA260E1605F
:104E5000616B11F04502FBD0A26311F03F0203D059
:104E6000FFF796FE012010BD216A10461960E16926
:104E70005960A16999606169D960F4E72DE9F74348
:104E800004460191006D01A91746984602F08AF97F
:104E9000064600284AD0626C2046DDF8049055682A
:104EA000C5F3090501356B00A56CB5FBF3F54FF4AF
:104EB0007A73B5FBF3F55D43556200F041FA50BBE0
:104EC000636C4FF0FF3201254146C3F858902046ED
:104ED0001D659A634FF49572DA6342F207029F628E
:104EE000DA62E36C0A9AFFF74FFFA0B9E26C104B4D
:104EF00011680B407BB929462046FFF75BFF05464A
:104F000048B92E463A460199206D02F083F93046A1
:104F100003B0BDE8F083E26C20460121FFF77AFF81
:104F20003A460199206D02F075F9F0E70126EEE7A7
:104F300008E0FFFD2DE9F7431F46436C01924FF453
:104F40007A725D6804468846C5F3090501356E002E
:104F5000856CB5FBF6F5B5FBF2F555435D6200F0E7
:104F6000EFF920B10125284603B0BDE8F0837E02A9
:104F700001A9206D324602F015F905460028F1D04E
:104F8000636C019AD4F84C909A6501221A654FF02F
:104F9000FF329A634FF49572DA639E62236BDB06ED
:104FA0004B4658BF4FEA4828012F42461BD91221D1
:104FB0002046FFF7E9FEC0B9D9F80020104B134096
:104FC0009BB9636C42F2930239462046DA62E26C86
:104FD000FFF7F0FE804640B932460199206D454604
:104FE00002F018F9BFE71121E2E7E26C39462046EA
:104FF000FFF710FF32460199206D02F00BF9B2E77E
:1050000008E0FFFD2DE9F3411F46436C01924FF488
:105010007A725D6804468846C5F3090501356E005D
:10502000856CB5FBF6F5B5FBF2F555435D6200F016
:1050300087F920B10125284602B0BDE8F0817E0243
:1050400001A9206D324602F0FDF805460028F1D096
:10505000636C019A9A6501221A654FF0FF329A63D8
:105060004FF48D72DA639E62236BE66CDB06334687
:1050700058BF4FEA4828012F424619D91921204626
:10508000FFF782FEB0B932680F4B134093B9636CDF
:1050900042F2910239462046DA62E26CFFF78AFE5C
:1050A000064638B901993546206D02F007F9C2E786
:1050B0001821E4E739462046E26CFFF7ABFE019980
:1050C000206D02F0FBF8B6E708E0FFFD12F0030FD9
:1050D0002DE9F04107460C4615461E4617D00E44F2
:1050E000B44202D10020BDE8F0810123FA6B2146D1
:1050F0003846FFF71FFF0028F5D128464FF400720D
:10510000F96B05F500750134FCF77CFEE8E7BDE8B6
:10511000F041FFF70FBF000012F0030F2DE9F0413F
:1051200007460C4615461E4617D00E44B44202D11F
:105130000020BDE8F08129464FF40072F86B05F5B8
:105140000075FCF75FFE0123FA6B21463846FFF736
:1051500059FF0028EDD10134E8E7BDE8F041FFF741
:1051600051BF000000207047302310B583F3118831
:105170000024436C40302146DC6301F09FF884F347
:10518000118810BD090100F16043012203F561435C
:10519000C9B283F8001300F01F039A4043099B0033
:1051A00003F1604303F56143C3F880211A6070473F
:1051B00000F01F0301229A40430900F160409B0068
:1051C00000F5614003F1604303F56143C3F88020BB
:1051D000C3F88021002380F8003370470379052B42
:1051E00005BF836A002001204B6004BF4FF40073A9
:1051F0000B60704773B504460D460F4EA26B01ABB2
:105200000D2120468DB1FFF7BFFD90B9019B3342C0
:105210000ED1C3F34323042B0BD0053B022B07D83D
:105220004FF47A7001F030F8E8E7FFF797FDECE70C
:10523000012002B070BD00BF08E0FFFDF8B5856A2F
:105240000446A94202D26D1AAB4205D9636B012014
:1052500043F080036363F8BD06250571FFF736FF51
:1052600005232371F7E70000F8B5856A0446A942D3
:1052700002D26D1AAB4205D9636B012043F0800363
:105280006363F8BD07250571FFF746FF052323710A
:10529000F7E7000038B505790446052D05D1082348
:1052A0000371FFF75FFF257138BD0120FCE70000A7
:1052B000036B03F00F03022BF0B5054685B00C46D7
:1052C0004FF000070CD10F7003AB1A4A0621FFF70D
:1052D0005BFD78B9184B039A13405BB9012308E0D2
:1052E000C66B7E220F7018307F2103F005FB20B9BA
:1052F00000232370002005B0F0BD06234022314674
:1053000028460097FFF7BAFD0028F1D1B3895BBAB0
:105310009B07EFD5094B40223146284600930623D0
:10532000FFF7ACFD0028E3D1337C03F00F030F2B14
:10533000DED0D3E70001B90308E0FFFDF1FFFF80F5
:105340000121FFF757BF000070B53023054683F3F6
:10535000118803790024022B03D184F3118820469D
:1053600070BD0423037184F311880226FFF7E8FF60
:1053700004462846FFF7CEFC2E71F0E70021FFF728
:1053800039BF00000323F0B5044687B00025037140
:105390008DF80F50FFF78CFC2A4629462046FFF770
:1053A000D1FC4FF4D57205AB08212046FFF7ECFC89
:1053B0000246B8B901232363059BC3F30323012BE2
:1053C00009D105AB37212046FFF7DEFC18B9934B16
:1053D000059A1340ABB120460125FFF79BFC022341
:1053E000237114E105AB2A4637212046FFF7CCFC98
:1053F00028B98A4A059B1A40002A00F0AC80022393
:105400002363236B03F00F03022B40F0AE8064256F
:10541000834E42F2107000F037FF05AB3246012197
:105420002046FFF79BFC0028D5D1059B002B80F27E
:1054300098805B0003D5236B43F0100323630022A5
:1054400004F1080302212046FFF7FCFC0246002875
:10545000C1D104F1380303212046FFF795FC002851
:10546000B9D104F11805A26B092120462B46FFF79C
:10547000E9FC0028AFD104ABA26B07212046FFF75F
:1054800083FC0028A7D10DF10F012046FFF710FF84
:105490000028A0D19DF80F102046FFF71BFC2046E6
:1054A000FFF76CFF0646002895D1236B03F00F032E
:1054B000022B40F083807E227F21284603F01CFAD5
:1054C00001287BD9E56B42F2107000F0DDFE082365
:1054D0004FF40072294620460096FFF7CFFC0028C3
:1054E0007FF479AF284603F055FAA0620DF10F0161
:1054F0002046FFF7DDFE00287FF46DAF9DF80F100A
:105500002046FFF7E7FB04AB4FF400721021204662
:10551000FFF73AFC054600287FF45DAF3F4E049B41
:1055200033427FF458AF236B13F00E0F03F00F02DA
:1055300048D0022A7FF44FAFE36A1978012969D075
:10554000022969D0002960D0364F2046FFF7E8FBDA
:1055500005AB3A464EE0114620462263FFF7F2FBC8
:105560004FE7013D7FF455AF35E72F4D64262F4AB5
:105570002A4F012B18BF154605AB002237212046C4
:10558000FFF702FC00287FF426AF059B3B427FF427
:1055900022AF05AB2A4629212046FFF7DFFB002872
:1055A0007FF419AF059B002BFFF643AF013E3FF49C
:1055B00012AF42F2107000F067FEDDE7284603F0FC
:1055C000BDF992E7E36A1978F9B101297FF403AFD5
:1055D0002046FFF7A5FB05ABA26B37212046FFF75E
:1055E000D3FB00287FF4F7AE059B33427FF4F3AE84
:1055F00005AB022206212046FFF7C6FB00287FF4F8
:10560000EAAE059B33427FF4E6AE052323712846BC
:1056100007B0F0BD064F98E7064F96E708E0FFFD9C
:105620000080FFC00000B7030080FF500000108022
:105630000001B7030002B703FFF7C4BA044B0360CD
:105640000123037100234363C0E90A33704700BF9D
:105650005C98000810B53023044683F31188C162BA
:10566000FFF7CAFA02230020237180F3118810BDCE
:1056700010B53023044683F31188FFF7E7FA0023BF
:105680000122E362227183F3118810BD026843682E
:105690001143016003B1184770470000143003F054
:1056A00033BA00004FF0FF33143003F02DBA00007E
:1056B000383003F0A9BA00004FF0FF33383003F060
:1056C000A3BA0000143003F0F9B900004FF0FF3125
:1056D000143003F0F3B90000383003F053BA00007F
:1056E0004FF0FF32383003F04DBA0000012914BFEB
:1056F0006FF013000020704702F098BC044B036069
:1057000000234360C0E9023301230374704700BFE4
:105710008098000810B53023044683F3118802F006
:10572000AFFC02230020237480F3118810BD000019
:1057300038B5C36904460D461BB904210844FFF778
:10574000A5FF294604F1140003F09CF9002806DAAD
:10575000201D4FF40061BDE83840FFF797BF38BD0A
:10576000026843681143016003B1184770470000A5
:1057700013B5406B00F58054D4F8A4381A6811783A
:10578000042914D1017C022911D11979012312892C
:105790008B4013420BD101A94C3002F0DBFFD4F84F
:1057A000A4480246019B2179206800F005FA02B066
:1057B00010BD0000143002F05DBF00004FF0FF3359
:1057C000143002F057BF00004C3003F02FB8000037
:1057D0004FF0FF334C3003F029B80000143002F0D2
:1057E0002BBF00004FF0FF31143002F025BF000046
:1057F0004C3002F0FBBF00004FF0FF324C3002F0A3
:10580000F5BF000010B500F58054D4F8A4381A682C
:105810001178042917D1017C022914D15979012367
:1058200052898B4013420ED1143002F0BFFE024663
:1058300048B1D4F8A4484FF4407361792068BDE8BA
:10584000104000F0A7B910BD406BFFF7DBBF0000B0
:1058500000290CBF6FF01300002070477047000054
:105860007FB5124B0125042604460360002305740E
:1058700000F1840243602946C0E902330C4B0290D8
:10588000143001934FF44073009602F06BFE094B05
:1058900004F69442294604F14C000294CDE90063D9
:1058A0004FF4407302F032FF04B070BDA8980008B6
:1058B0004958000871570008302383F311880B7989
:1058C0000A680B3342F823004B79133342F8230064
:1058D0008B7913B10B3342F8230000F58053C3F8E2
:1058E000A41802230374002080F31188704700007D
:1058F00038B5037F044613B190F85430ABB9012595
:10590000201D0221FFF72CFF04F114006FF00101AC
:10591000257700F0F9FC04F14C0084F854506FF046
:105920000101BDE8384000F0EFBC38BD10B50121E1
:1059300004460430FFF714FF0023237784F8543023
:1059400010BD000038B504460025143002F022FED8
:1059500004F14C00257702F0F1FE201D84F854502C
:105960000121FFF7FDFE2046BDE83840FFF74ABFA2
:1059700090F8803003F06003202B06D190F881204E
:105980000023212A03D81F2A06D800207047222A84
:10599000FBD1C0E91D3303E0034A42670722826757
:1059A000C3670120704700BF3822002037B500F5DB
:1059B0008055D5F8A4381A68117804291AD1017CC9
:1059C000022917D11979012312898B40134211D171
:1059D00000F14C04204602F071FF58B101A92046A5
:1059E00002F0B8FED5F8A4480246019B2179206850
:1059F00000F0E2F803B030BD2DE9F34104460D4656
:105A000021B301F10B0350F82360FEB1302383F37F
:105A1000118800EB810706F14C08FB685B691B6885
:105A200033B1404602F0A4FE0821301DFFF798FE76
:105A300001A9404602F08EFE024650B1019B294664
:105A4000204600F0B9F8002383F3118802B0BDE8C6
:105A5000F081FB685A69126832B11B8A013B13401E
:105A600002D104F18002EAE71021301DFFF778FE31
:105A7000E9E7000038B509B3133150F82140ECB123
:105A8000302383F3118804F58053D3F8A4281368D6
:105A9000527903EB8203DB689B695D6845B10421A1
:105AA0006018FFF75DFE294604F1140002F088FD3E
:105AB0002046FFF7A7FE002383F3118838BD0000BE
:105AC0007047000010B50446002102F07BFA002167
:105AD000204602F06BFA63681B6813B1062120466A
:105AE0009847A36823F00113A3600023A36706234C
:105AF00084F8703010BD000001F056BD0123402233
:105B0000002110B5044600F8303BFCF7A1F9002352
:105B1000C4E9013310BD000010B53023044683F3FF
:105B200011882422416000210C30FCF791F92046B5
:105B300001F05CFD02230020237080F3118810BD6A
:105B400070B500EB8103054650690E461446DA60D5
:105B500018B110220021FCF77BF9A06918B11022BE
:105B60000021FCF775F931462846BDE8704001F088
:105B700045BE000083682022002103F0011310B508
:105B8000044683601030FCF763F92046BDE81040FE
:105B900001F0C0BEF0B4012500EB810447898D40BF
:105BA000E4683D43A469458123600023A2606360EB
:105BB000F0BC01F0DDBE0000F0B4012500EB810473
:105BC00007898D40E4683D436469058123600023B3
:105BD000A2606360F0BC01F053BF000070B5022307
:105BE00000250446242203702946C0F888500C3052
:105BF000C56640F8045CFCF72BF9204684F8705029
:105C000001F08EFD63681B6823B129462046BDE87C
:105C10007040184770BD00000378052B10B504468E
:105C20000AD080F88C300523037043681B680BB1E1
:105C3000042198470023A36010BD000001780529C6
:105C400006D190F88C20436802701B6803B1184796
:105C50007047000070B590F8703004463BB183681F
:105C600023F0011383600023836780F8703004F110
:105C700080020021204601F071FE63689B684BB9E9
:105C800094F8803013F0600528D02046BDE87040BD
:105C9000FFF718BF204698470028F1D0B4F88630A7
:105CA000A26F9A4288BFA36794F98030A56F002B3A
:105CB0004FF0300380F20281002D00F0F1800922C4
:105CC00084F8702083F3118800212046D4E91D2335
:105CD000FFF772FF002383F3118870BD94F88120D1
:105CE00003F07F0343EA022340F20232934200F0C2
:105CF000C48021D8B3F5807F47D00DD8012B3ED08A
:105D0000022B00F09280002BBFD104F18802626761
:105D10000222A267E367C1E7B3F5817F00F09A80B2
:105D2000B3F5407FB1D194F88230012BADD1B4F8F6
:105D3000883043F0020331E0B3F5006F4CD017D840
:105D4000B3F5A06F30D0A3F5C063012B9DD8636875
:105D5000204694F882205E6894F88310B4F884306A
:105D6000B047002891D0436863670368A36719E0D0
:105D7000B3F5106F35D040F60242934285D15C4BAB
:105D800063670223A3670023C4E794F88230012BE2
:105D90007FF47BAFB4F8883023F00203A4F8883096
:105DA000C4E91D55E56779E7B4F88030B3F5A06F15
:105DB0000ED194F88230204684F88A3001F010FD2C
:105DC00063681B6813B101212046984703232370A1
:105DD0000023C4E91D339DE704F18B0363670123AE
:105DE000C4E72378042B10D1302383F31188204695
:105DF000FFF7C0FE85F311880321636884F88B5098
:105E000021701B680BB12046984794F88230002B14
:105E1000DED084F88B300423237063681B68002B6A
:105E2000D6D0022120469847D2E794F88430204605
:105E30001D0603F00F010AD501F082FD012804D0F0
:105E400002287FF422AF2B4B9AE72B4B98E701F007
:105E500069FDF3E794F88230002B7FF416AF94F8D5
:105E6000843013F00F01B3D01A06204602D502F099
:105E7000C1F8ADE702F0B2F8AAE794F88230002B3F
:105E80007FF403AF94F8843013F00F01A0D01B0609
:105E9000204602D502F096F89AE702F087F897E7D5
:105EA000142284F8702083F311882B462A46294651
:105EB0002046FFF76FFE85F311880EE75DB11522CE
:105EC00084F8702083F3118800212046D4E91D2333
:105ED000FFF760FEFEE60B2284F8702083F3118842
:105EE0002B462A4629462046FFF766FEE3E700BF19
:105EF000D8980008D0980008D498000838B590F8D1
:105F0000703004460B2B09D80B2B37D8DFE803F091
:105F10000836363636360836360D2737152B2DD14E
:105F20002046BDE83840FFF7CDBD856FB0F886301C
:105F30009D4214D2C3681B8AB5FBF3F203FB1255D2
:105F40006DB9302383F311882B462A462946FFF783
:105F500033FE85F311880A2384F870300EE0142391
:105F600084F87030302383F31188002320461A46CA
:105F70001946FFF70FFE002383F3118838BDC36F66
:105F800003B19847A36823F00113A3600023A3671C
:105F9000E2E7000010B590F870300446142B1ED0D4
:105FA0000CD8062B05D001D81BB110BD0A3B012B24
:105FB000FBD82046BDE81040FFF784BD152BF4D177
:105FC0000B2380F87030302383F3118800231A46A6
:105FD0001946FFF7F1FD002383F31188E5E7C36855
:105FE0009B695B68002BE0D1C36F03B19847A3683E
:105FF00023F00113A3600023A36784F87030D4E773
:106000000023826880F8243083691B689968914274
:10601000FBD25A680360426010605860704700000D
:106020000023826880F8243083691B689968914254
:10603000FBD85A68036042601060586070470000E7
:1060400008B50846302383F3118891F82430032BD8
:1060500005D0042B0DD02BB983F3118808BD8B6AB2
:1060600000221A604FF0FF338362FFF7C9FF00235D
:10607000F2E7D1E9003213605A60F3E7034610B546
:106080001B68984203D09C688A689442F8D25A6888
:106090000B604A601160596010BD0000FFF7B0BF8F
:1060A00038B50B4B1C68DD6885F824002268536006
:1060B0001A600122DC60A36884F82420934201D195
:1060C00001F01AF929462046BDE83840FAF79AB996
:1060D000103900200C4B30B5DD684B1C87B00446EE
:1060E0000FD02B46094A684600F0A2F92046FFF778
:1060F000D7FF009B13B1684600F0A4F9A86A07B067
:1061000030BDFFF7CDFFF9E71039002041600008EE
:10611000044B1A68DB6890689B68984294BF002023
:10612000012070471039002038B50C4B1C68DD6821
:10613000226853601A600122DC6084F82420AB6876
:10614000934201D101F0DAF82846FFF769FF0146D2
:106150002046BDE83840FAF755B900BF1039002095
:10616000044B1A68DB6892689B689A4201D9FFF772
:10617000DBBF70471039002038B50123084C0025DB
:106180002370656002F090FD02F0BAFD05490648F3
:1061900002F098FE0223237085F3118838BD00BFFA
:1061A000B83B0020E09800081039002000F080B9CA
:1061B000034A516853685B1A9842FBD8704700BF86
:1061C000001000E08B604B630023CA6100F12802DD
:1061D0000B6302230A618B840123886181F82630D6
:1061E00001F11003C26A4A611360C36201F12C031A
:1061F0000846CB6270470000D0E90131026841F8DF
:10620000183CA1F19C033839CB60036941F8243C68
:10621000436941F8203C034B41F8043CC368024801
:10622000FFF7D0BF1D0400081039002008B5FFF7A4
:10623000E3FFBDE80840FFF731BF000038B50E4B63
:10624000DC6804F12C05A062E06AA8420FD194F842
:1062500026303BB994F825309B0702BFD4E90432BD
:1062600013605A600F20BDE83840FFF719BF03687C
:10627000E362FFF713FFE7E710390020302383F3D1
:106280001188FFF7DBBF000008B50146302383F318
:1062900011880820FFF71EFF002383F3118808BD33
:1062A000054BDB6821B1036098620320FFF712BF42
:1062B0004FF0FF30704700BF1039002003682BB14A
:1062C0000022026018469962FFF7E8BE704700009E
:1062D000064BDB6839B1426818605A60136043604E
:1062E0000420FFF7F7BE4FF0FF3070471039002051
:1062F0000368984206D01A68026050601846996296
:10630000FFF7CCBE7047000038B504460D46206844
:10631000844200D138BD036823605C608562FFF76A
:10632000BDFEF4E7036810B59C68A2420CD85C6817
:106330008A600B604C602160596099688A1A9A6083
:106340004FF0FF33836010BD121B1B68ECE70000A9
:106350000A2938BF0A2170B504460D460A2660197D
:1063600002F09CFC02F084FC041BA54203D8751CBF
:1063700004462E46F3E70A2E04D90120BDE87040FA
:1063800002F068BE70BD0000F8B5144B0D460A2A35
:106390004FF00A07D96103F11001826038BF0A2269
:1063A000416019691446016048601861A81802F03C
:1063B00065FC02F05DFC431B0646A34206D37C1C31
:1063C00028192746354602F069FCF2E70A2F04D95E
:1063D0000120BDE8F84002F03DBEF8BD10390020B4
:1063E000F8B506460D4602F043FC0F4A134653F833
:1063F000107F9F4206D12A4601463046BDE8F8404C
:10640000FFF7C2BFD169BB68441A2C1928BF2C46BC
:10641000A34202D92946FFF79BFF22463146034893
:10642000BDE8F840FFF77EBF10390020203900207A
:10643000C0E90323002310B45DF8044B4361FFF768
:10644000CFBF000010B5194C236998420DD0816868
:10645000D0E9003213605A609A680A449A600023B7
:1064600003604FF0FF33A36110BD0268234643F879
:10647000102F53600022026022699A4203D1BDE8C6
:10648000104002F005BC936881680B44936002F0F1
:10649000EFFB2269E1699268441AA242E4D91144EF
:1064A000BDE81040091AFFF753BF00BF10390020A4
:1064B0002DE9F047DFF8BC8008F110072C4ED8F822
:1064C000105002F0D5FBD8F81C40AA68031B9A4272
:1064D0003ED814444FF00009D5E90032C8F81C40FA
:1064E00013605A60C5F80090D8F81030B34201D15B
:1064F00002F0CEFB89F31188D5E90331284698478D
:10650000302383F311886B69002BD8D002F0B0FBE5
:106510006A69A0EB040982464A450DD2022002F0C6
:1065200099FD0022D8F81030B34208D151462846D0
:10653000BDE8F047FFF728BF121A2244F2E712EB3A
:1065400009092946384638BF4A46FFF7EBFEB5E74A
:10655000D8F81030B34208D01444C8F81C00211AEF
:10656000A960BDE8F047FFF7F3BEBDE8F08700BFC4
:10657000203900201039002038B502F079FB054A97
:10658000D2E90845031B181945F10001C2E90801C9
:1065900038BD00BF1039002010B560B90748047934
:1065A0000368053C9B6818BF0124984708B144F074
:1065B0000404204610BD0124FBE700BFB8360020CC
:1065C000FFF7EABF2DE9F047884617469A4604468A
:1065D000B0B90D4E3579052D05D003240DE0013DF0
:1065E00015F0FF050ED03268534639463046D2F8D2
:1065F00014904246C8470028F1D12046BDE8F087F4
:106600000424FAE70124F8E7B83600202DE9F04722
:10661000884617469A460446B0B90D4E3579052D81
:1066200005D003240DE0013D15F0FF050ED03268C2
:10663000534639463046D2F818904246C84700289B
:10664000F1D12046BDE8F0870424FAE70124F8E7F9
:10665000B836002037B50C46154670B951B101293E
:106660000BD10748694603681B6A984710B9019B1C
:1066700004462B60204603B030BD0424FAE700BF77
:10668000B836002000207047FEE700007047000089
:106690004FF0FF30704700004B6843608B688360A9
:1066A000CB68C3600B6943614B6903628B694362CA
:1066B0000B6803607047000008B53C4B40F2FF7167
:1066C0003B48D3F888200A43C3F88820D3F88820B1
:1066D00022F4FF6222F00702C3F88820D3F8882052
:1066E000D3F8E0200A43C3F8E020D3F808210A4396
:1066F000C3F808212F4AD3F808311146FFF7CCFF21
:1067000000F5806002F11C01FFF7C6FF00F5806014
:1067100002F13801FFF7C0FF00F5806002F154017B
:10672000FFF7BAFF00F5806002F17001FFF7B4FFD8
:1067300000F5806002F18C01FFF7AEFF00F580608C
:1067400002F1A801FFF7A8FF00F5806002F1C40183
:10675000FFF7A2FF00F5806002F1E001FFF79CFF68
:1067600000F5806002F1FC01FFF796FF02F58C71E5
:1067700000F58060FFF790FF01F0E4FD0E4BD3F8C9
:10678000902242F00102C3F89022D3F8942242F002
:106790000102C3F894220522C3F898204FF06052FA
:1067A000C3F89C20054AC3F8A02008BD0044025845
:1067B00000000258F498000800ED00E01F000803F4
:1067C00008B501F0BBFEFFF7D7FC104BD3F8DC2077
:1067D00042F04002C3F8DC20D3F8042122F040024A
:1067E000C3F80421D3F80431094B1A6842F00802B7
:1067F0001A601A6842F004021A6000F067FD00F0A7
:106800003DFBBDE8084000F0B5B800BF00440258A9
:1068100000180248012070470020704770470000B0
:1068200002290CD0032904D00129074818BF0020F1
:106830007047032A05D8054800EBC200704704489A
:1068400070470020704700BFF49A000848220020DB
:10685000A89A000870B59AB005460846144601A9E2
:1068600000F0C2F801A8FBF7EBFA431C0022C6B205
:106870005B001046C5E9003423700323023404F89A
:10688000013C01ABD1B202348E4201D81AB070BDC6
:1068900013F8011B013204F8010C04F8021CF1E7A3
:1068A00008B5302383F311880348FFF77FF80023EE
:1068B00083F3118808BD00BFC03B002090F88030F2
:1068C00003F01F02012A07D190F881200B2A03D17F
:1068D0000023C0E91D3315E003F06003202B08D12D
:1068E000B0F884302BB990F88120212A03D81F2AD0
:1068F00004D8FFF73DB8222AEBD0FAE7034A4267F3
:1069000007228267C3670120704700BF3F22002033
:1069100007B5052917D8DFE801F019160319192062
:10692000302383F31188104A01210190FFF708F901
:10693000019802210D4AFFF703F90D48FFF702F80D
:10694000002383F3118803B05DF804FB302383F345
:1069500011880748FEF7CCFFF2E7302383F3118854
:106960000348FEF7E3FFEBE7489A00086C9A00083B
:10697000C03B002038B50C4D0C4C2A460C4904F1A4
:106980000800FFF767FF05F1CA0204F1100009498A
:10699000FFF760FF05F5CA7204F118000649BDE86B
:1069A0003840FFF757BF00BF98540020482200200E
:1069B000289A0008329A00083D9A000870B50446EB
:1069C00008460D46FBF73CFAC6B220460134037870
:1069D0000BB9184670BD32462946FBF71DFA002850
:1069E000F3D10120F6E700002DE9F84F05460C46EB
:1069F000FBF726FA2A49C6B22846FFF7DFFF08B19F
:106A0000013EF6B227492846FFF7D8FF08B11036F5
:106A1000F6B2632E0DD8DFF88890DFF888A0224FF9
:106A2000DFF88CB0DFF88C802E7846B92670BDE890
:106A3000F88F29462046BDE8F84F02F0A9BB252E65
:106A40002AD1072249462846FBF7E6F950B9D8F87B
:106A500000300735063444F8063CB8F8043024F812
:106A6000023CE1E7082251462846FBF7D5F998B9E0
:106A7000A21C0E4B197802320909C95D02F8041CE8
:106A800013F8011B01F00F015B45C95D02F8031CFF
:106A9000F0D118340835C7E7013504F8016BC3E7B6
:106AA000149B00083D9A0008239B000800E8F11F92
:106AB0000CE8F11F1C9B0008BFF34F8F044B1A69B1
:106AC0005107FCD1D3F810215207F8D1704700BF0D
:106AD0000020005208B50D4B1B78ABB9FFF7ECFF57
:106AE0000B4BDA68D10704D50A4A5A6002F18832A2
:106AF0005A60D3F80C21D20706D5064AC3F8042100
:106B000002F18832C3F8042108BD00BFF656002008
:106B1000002000522301674508B5114B1B78F3B9DB
:106B2000104B1A69510703D5DA6842F04002DA6067
:106B3000D3F81021520705D5D3F80C2142F04002BA
:106B4000C3F80C21FFF7B8FF064BDA6842F00102E8
:106B5000DA60D3F80C2142F00102C3F80C2108BD21
:106B6000F6560020002000520F289ABF00F58060E2
:106B700040040020704700004FF4003070470000D0
:106B8000102070470F2808B50BD8FFF7EDFF00F570
:106B900000330268013204D104308342F9D101206C
:106BA00008BD0020FCE700000F2838B505463FD897
:106BB000FFF782FF1F4CFFF78DFF4FF0FF330728D1
:106BC0006361C4F814311DD82361FFF775FF030218
:106BD00043F02403E360E36843F08003E360236948
:106BE0005A07FCD42846FFF767FFFFF7BDFF4FF4B5
:106BF000003100F09BFA2846FFF78EFFBDE83840D1
:106C0000FFF7C0BFC4F81031FFF756FFA0F108032B
:106C10001B0243F02403C4F80C31D4F80C3143F0C8
:106C20008003C4F80C31D4F810315B07FBD4D9E7EA
:106C3000002038BD002000522DE9F84F04460D46D3
:106C4000104644EA0203DE0602D00020BDE8F88FB9
:106C500020F01F00DFF8D4B0DFF8D4A0FFF73AFF30
:106C600005EB0008454503D10120FFF755FFEDE78F
:106C700020222946204602F053FA10B9203420354C
:106C8000F0E7234604F120021F68791CDDD10433AC
:106C90009342F9D104F178432048214EB3F5801F87
:106CA000204B38BF184603F1F80332BFD946D1460E
:106CB0001E46FFF701FF0760A4EB050C336805F1E2
:106CC0001C0143F0020333602B1FD9F8007017F04A
:106CD0000507FAD153F8042F8B424CF80320F4D166
:106CE000BFF34F8FFFF7E8FE4FF0FF3303603368C9
:106CF00023F002033360BFF34F8F0B4BC3F85C42AA
:106D0000BFF34F8FBFF36F8F20222946204602F03A
:106D100007FA0028B2D03846A7E700BF1421005276
:106D20000C2000521420005200ED00E01020005210
:106D30001021005210B5084C237828B11BB9FFF779
:106D4000C9FE0123237010BD002BFCD02070BDE8CC
:106D50001040FFF7E1BE00BFF65600202DE9F04FCE
:106D60000D4685B0814658B111F00D0614BF2022A2
:106D7000082211F00803019304D0431E034269D096
:106D8000002435E0002E37D009F11F0121F01F0942
:106D90004FF00108314F05F00403DFF8CCA005EAFD
:106DA000080BBBF1000F32D07869C0072FD408F16F
:106DB00001080C37B8F1060FF3D19EB9284D4946AA
:106DC000A819019201F0BEFF0446002839D12036EF
:106DD000019AA02EF3D1494601F0B4FF04460028E1
:106DE0002FD1019A49461F4801F0ACFF044660BB11
:106DF000204605B0BDE8F08F0029C9D101462846DC
:106E0000029201F09FFF0446D8B9029AC0E713B17D
:106E100078694107CBD5AC0702D578698007C6D51C
:106E2000019911B178690107C1D549460AEB4810AB
:106E3000CDE9022301F086FF0446DDE902230028A4
:106E4000B5D04A460021204601E04A460021FAF723
:106E5000FFFFCDE70246002E96D199E7349B00084C
:106E600038570020F8560020185700200021FFF75F
:106E700075BF00000121FFF771BF000000231A4613
:106E800070B51A600433B3F5806FFAD1104D012448
:106E9000104E06EB441001342A6955F80C1F01F01E
:106EA0003DFF062CF5D137254FF4C0542046FFF79F
:106EB000E1FF014628B122460748BDE8704001F0D5
:106EC0002DBFC4EBC404013D4FEAD404EED170BD24
:106ED000349B000818570020F85600200421FFF7C3
:106EE0003DBF00004843FFF7C1BF000008B101F0FB
:106EF000A3BF7047B0F5805F10B5044607D8FFF711
:106F0000EDFF28B92046BDE81040FFF7AFBF0020D5
:106F100010BD0000FFF7EABF70B5AAB140EA010357
:106F200013F01F030FD1094C0144A5686D0706D566
:106F30002568A84203D366683544A94204D90333BF
:106F40000C34122BF1D10022104670BD349B000886
:106F500008B502F087F8034AD2E90032C01842EBC4
:106F6000010108BDD8570020434BD3E900232DE988
:106F7000F34113437CD0FFF7EBFF404A0023002787
:106F8000F9F75AFA06460D463D4A0023F9F754FA36
:106F90000023144630462946394AF9F74DFA4FF492
:106FA00061613C23ADF80170B4FBF1F5B4FBF3F67D
:106FB00001FB154103FB16464624B1FBF3F1314BAF
:106FC000F6B28DF8004098423CD84FF0640C4FF474
:106FD000C87EA30704F26C7225D1B2FBFCF30CFB54
:106FE000132313BBB2FBFEF30EFB1322B2FA82F3A0
:106FF0005B0903F26D18621C8045D2B217D90FB13C
:107000008DF800400022204C4FF00C0C17460CFB72
:107010000343D4B2013213F804C084450CD8A0EB6A
:107020000C000127F5E70023E3E70123E1E7A0EBEC
:10703000080014460127CCE70FB18DF80140431C2E
:107040008DF802309DF80100431C9DF80000503877
:10705000400640EA43509DF8023040EA034040EACF
:10706000560040EAC52040EA411002B0BDE8F08178
:107070004FF40410F9E700BFD857002040420F003A
:107080008051010090230B007C9B00080244074BB9
:10709000D2B210B5904200D110BD441C00B253F8DA
:1070A000200041F8040BE0B2F4E700BF5040005864
:1070B0000E4B30B51C6F240405D41C6F1C671C6F6D
:1070C00044F400441C670A4C02442368D2B243F4DF
:1070D00080732360074B904200D130BD441C51F8AF
:1070E000045B00B243F82050E0B2F4E700440258D9
:1070F000004802585040005807B5012201A900205D
:10710000FFF7C4FF019803B05DF804FB13B5044614
:10711000FFF7F2FFA04205D0012201A9002001944F
:10712000FFF7C6FF02B010BD704700000144BFF377
:107130004F8F064B884204D3BFF34F8FBFF36F8F3F
:107140007047C3F85C022030F4E700BF00ED00E0B8
:107150000144BFF34F8F064B884204D3BFF34F8FD8
:10716000BFF36F8F7047C3F870022030F4E700BFA1
:1071700000ED00E070B5054616460C4601201021D2
:10718000FFF7B0FE286046733CB1204636B1FFF7EA
:10719000A5FE2B68186000B19C6070BDFFF76AFE09
:1071A000F7E70000F8B50F461546044648B905F163
:1071B0001F010126386821F01F01FFF7B7FF304695
:1071C000F8BD427B29463868FFF7A6FE0646002830
:1071D000EDD13B686360A368AB4210D213B1206865
:1071E000FFF784FE637B28462BB1FFF777FE206014
:1071F00020B9A060E3E7FFF73DFEF8E7A56020684F
:1072000005F11F01012621F01F013860FFF78EFFF5
:107210002673D4E770B50E4602F11F0104461546E9
:1072200021F01F013046FFF793FF4CB12168B142B6
:1072300006D1606810B12A46FAF7E4FD00232373F3
:1072400070BD0000F8B50F461446054648B904F174
:107250001F010126386821F01F01FFF779FF304632
:10726000F8BD427B21463868FFF756FE06460028E7
:10727000EDD1AB68A34210D213B12868FFF736FEF8
:107280006B7B20462BB1FFF729FE286020B9A86050
:10729000E5E7FFF7EFFDF8E7AC60396819B1224682
:1072A0002868FAF7AFFD286804F11F01012621F0D4
:1072B0001F013860FFF74CFF2E73D0E720B1036841
:1072C0008B4204BF0023037370470000034B1A680E
:1072D0001AB9034AD2F8D0241A607047E057002048
:1072E0000040025808B5FFF7F1FF024B1868C0F3E1
:1072F000806008BDE0570020704700007047000024
:10730000EFF30983054968334A6B22F001024A63AF
:1073100083F30988002383F31188704700EF00E0AE
:10732000302080F3118862B60D4B0E4AD96821F4E3
:10733000E0610904090C0A430B49DA60D3F8FC2028
:1073400042F08072C3F8FC20084AC2F8B01F1168EE
:1073500041F0010111602022DA7783F822007047A2
:1073600000ED00E00003FA0555CEACC5001000E0CA
:10737000302310B583F311880E4B5B6813F4006360
:1073800014D0F1EE103AEFF309844FF08073683CAB
:10739000E361094BDB6B236684F30988FEF7B8FED3
:1073A00010B1064BA36110BD054BFBE783F31188B9
:1073B000F9E700BF00ED00E000EF00E02F04000857
:1073C0003204000870B5BFF34F8FBFF36F8F1A4AB6
:1073D0000021C2F85012BFF34F8FBFF36F8F536974
:1073E00043F400335361BFF34F8FBFF36F8FC2F885
:1073F0008410BFF34F8FD2F8803043F6E074C3F3AC
:10740000C900C3F34E335B0103EA0406014646EAB2
:1074100081750139C2F86052F9D2203B13F1200F77
:10742000F2D1BFF34F8F536943F480335361BFF3FD
:107430004F8FBFF36F8F70BD00ED00E0FEE70000DF
:10744000214B2248224A70B5904237D3214BC11EAE
:10745000DA1C121A22F003028B4238BF00220021EC
:10746000FAF7F6FC1C4A0023C2F88430BFF34F8FB2
:10747000D2F8803043F6E074C3F3C900C3F34E334F
:107480005B0103EA0406014646EA81750139C2F848
:107490006C52F9D2203B13F1200FF2D1BFF34F8F82
:1074A000BFF36F8FBFF34F8FBFF36F8F0023C2F80F
:1074B0005032BFF34F8FBFF36F8F70BD53F8041B73
:1074C00040F8041BC0E700BF909C0008C85D002086
:1074D000C85D0020C85D002000ED00E0074BD3F838
:1074E000D81021EA0001C3F8D810D3F8002122EA0D
:1074F0000002C3F80021D3F800317047004402585D
:1075000070B5D0E9244300224FF0FF359E6804EBAC
:1075100042135101D3F80009002805DAD3F8000915
:1075200040F08040C3F80009D3F8000B002805DACA
:10753000D3F8000B40F08040C3F8000B0132631811
:107540009642C3F80859C3F8085BE0D24FF0011324
:10755000C4F81C3870BD0000F0B5D0E924630125E3
:107560000C309F6800231A4650F8041B59B18C69EF
:1075700024B103F1100405FA04F42243496911B15E
:1075800005FA03F10A4301339F42EDD2C6F81C28E5
:10759000F0BD0000890141F02001016103699B06F3
:1075A000FCD41220FEF704BE10B50A4C2046FEF7AC
:1075B000A5FA094BC4F89030084BC4F89430084C35
:1075C0002046FEF79BFA074BC4F89030064BC4F8F0
:1075D000943010BDE457002000000840B89B00081C
:1075E0008058002000000440C49B000870B5037858
:1075F0000546012B5CD1434BD0F89040984258D1BE
:10760000414B0E216520D3F8D82042F00062C3F828
:10761000D820D3F8002142F00062C3F80021D3F84B
:107620000021D3F8802042F00062C3F88020D3F814
:10763000802022F00062C3F88020D3F88030FDF76C
:10764000A1FD324BE360324BC4F800380023D5F87B
:107650009060C4F8003EC02323604FF40413A3637A
:107660003369002BFCDA01230C203361FEF7A0FD07
:107670003369DB07FCD41220FEF79AFD3369002B37
:10768000FCDA00262846A660FFF73AFF6B68C4F8CC
:107690001068DB68C4F81468C4F81C6883BB1D4B11
:1076A000A3614FF0FF336361A36843F00103A3605C
:1076B00070BD194B9842C9D1134B4FF08060D3F87D
:1076C000D82042F00072C3F8D820D3F8002142F04D
:1076D0000072C3F80021D3F80021D3F8802042F0D3
:1076E0000072C3F88020D3F8802022F00072C3F823
:1076F0008020D3F88030FFF7F1FE0E214D209EE769
:10770000064BCDE7E45700200044025840140040E7
:1077100003002002003C30C080580020083C30C0EC
:10772000F8B5D0F89040054600214FF0006620469D
:10773000FFF730FFD5F8941000234FF001128F6847
:107740004FF0FF30C4F83438C4F81C2804EB43125F
:1077500001339F42C2F80069C2F8006BC2F8080901
:10776000C2F8080BF2D20B68D5F89020C5F8983013
:10777000636210231361166916F01006FBD1122004
:10778000FEF716FDD4F8003823F4FE63C4F8003881
:10779000A36943F4402343F01003A3610123C4F819
:1077A00010380923C4F814380B4BEB604FF0C0437A
:1077B000C4F8103B094BC4F8003BC4F81069C4F886
:1077C0000039D5F8983003F1100243F48013C5F85E
:1077D0009820A362F8BD00BF949B00084080001071
:1077E000D0F8902090F88A10D2F8003823F4FE6385
:1077F00043EA0113C2F80038704700002DE9F8434E
:1078000000EB8103D0F890500C468046DA680FFAFE
:1078100081F94801166806F00306731E022B05EB7A
:1078200041134FF0000194BFB604384EC3F8101B4B
:107830004FF0010104F1100398BF06F1805601FAE0
:1078400003F3916998BF06F5004600293AD0578A9C
:1078500004F15801374349016F50D5F81C180B4308
:107860000021C5F81C382B180127C3F81019A740B0
:107870005369611E9BB3138A928B9B08012A88BFB0
:107880005343D8F89820981842EA034301F1400284
:107890002146C8F89800284605EB82025360FFF79E
:1078A00079FE08EB8900C3681B8A43EA8453483495
:1078B0001E4364012E51D5F81C381F43C5F81C78AF
:1078C000BDE8F88305EB4917D7F8001B21F4004108
:1078D000C7F8001BD5F81C1821EA0303C0E704F120
:1078E0003F030B4A2846214605EB83035A60FFF706
:1078F00051FE05EB4910D0F8003923F40043C0F8DD
:107900000039D5F81C3823EA0707D7E700800010B4
:1079100000040002D0F894201268C0F89820FFF705
:10792000EFBD00005831D0F8903049015B5813F496
:10793000004004D013F4001F0CBF02200120704748
:107940004831D0F8903049015B5813F4004004D01E
:1079500013F4001F0CBF02200120704700EB8101CF
:10796000CB68196A0B6813604B685360704700005E
:1079700000EB810330B5DD68AA691368D36019B9DB
:10798000402B84BF402313606B8A1468D0F890208A
:107990001C4402EB4110013C09B2B4FBF3F4634315
:1079A000033323F0030343EAC44343F0C043C0F866
:1079B000103B2B6803F00303012B0ED1D2F80838DB
:1079C00002EB411013F4807FD0F8003B14BF43F06A
:1079D000805343F00053C0F8003B02EB4112D2F851
:1079E000003B43F00443C2F8003B30BD2DE9F041B9
:1079F000D0F8906005460C4606EB4113D3F8087B9F
:107A00003A07C3F8087B08D5D6F814381B0704D505
:107A100000EB8103DB685B689847FA071FD5D6F84F
:107A20001438DB071BD505EB8403D968CCB98B6907
:107A3000488A5A68B2FBF0F600FB16228AB9186829
:107A4000DA6890420DD2121AC3E90024302383F37E
:107A5000118821462846FFF78BFF84F31188BDE883
:107A6000F081012303FA04F26B8923EA02036B819C
:107A7000CB68002BF3D021462846BDE8F0411847DB
:107A800000EB81034A0170B5DD68D0F890306C6975
:107A90002668E66056BB1A444FF40020C2F810096D
:107AA0002A6802F00302012A0AB20ED1D3F80808AC
:107AB00003EB421410F4807FD4F8000914BF40F0A7
:107AC000805040F00050C4F8000903EB4212D2F895
:107AD000000940F00440C2F800090122D3F834083C
:107AE00002FA01F10143C3F8341870BD19B9402EF0
:107AF00084BF4020206020681A442E8A8419013CEB
:107B0000B4FBF6F440EAC44040F00050C6E7000081
:107B10002DE9F84FD0F8906005460C464F0106EB72
:107B20004113D3F8088918F0010FC3F808891CD055
:107B3000D6F81038DB0718D500EB8103D3F80CC05A
:107B4000DCF81430D3F800E0DA68964533D2A2EBC3
:107B50000E024FF000091A60C3F80490302383F33B
:107B60001188FFF78DFF89F3118818F0800F20D05E
:107B7000D6F834380126A64033421AD005EB8403E8
:107B80000134D5F890506FF00308D3F80CC0E4B27C
:107B90002F44DCF8140005EB0434D0F800E0D0F8F2
:107BA0000490F14514D3D5F8343823EA0606C5F815
:107BB0003468BDE8F88F012303FA01F2038923EA50
:107BC00002030381DCF80830002BCED09847CCE7C5
:107BD000AEEB0903BCF81020934228BF1346D7F838
:107BE000182992B2B3EB820FE3D88268194602EBF0
:107BF000030B0329ABEB010A1CD84FEA930A23F0CD
:107C0000030B08FB0A31934479B1022918D00329E8
:107C100018D19BF8021009049BF801B041EA0B212E
:107C200012F82AA04AEA010121601A444B448260FA
:107C30004360B4E7DAF800A00439C4F800A0D8E73C
:107C40000021E9E70021EBE72DE9F74F0446D0F8E2
:107C500090504FF040094FF0010A6F69AB691F4027
:107C600017F480586F6105D0204603B0BDE8F04F8F
:107C7000FDF7B4BF002F15DAD5F8003E9E0705D0FA
:107C8000D5F8003E23F00303C5F8003E2046FFF779
:107C900063FCD5F80438204623F00103C5F8043806
:107CA000FDF7CCFF380505D52046FFF729FC204617
:107CB000FDF7B2FFB9040CD5D5F8083813F0060F5C
:107CC000EB6823F470530CBF43F4105343F4A053F8
:107CD000EB603A071AD56368DB681BB9AB6923F020
:107CE0000803AB612378052B08D1D5F8003E204668
:107CF00023F00303C5F8003EFDF7A0FF2046FFF781
:107D00002BFC6368DB680BB120469847FB026ED4FE
:107D1000BE0209D5D4F890200026D4F89430F1B2F0
:107D20009B68994240F29B803803D5F8186800F1AF
:107D3000B4807A0335D5F30703D500212046FFF739
:107D4000E7FEB00703D501212046FFF7E1FE7107EA
:107D500003D502212046FFF7DBFE320703D50321BE
:107D60002046FFF7D5FEF30603D504212046FFF792
:107D7000CFFEB00603D505212046FFF7C9FE7106E8
:107D800003D506212046FFF7C3FE320603D507219F
:107D90002046FFF7BDFEF30503D508212046FFF777
:107DA000B7FEFE0619D5D4F89060336AC3F30A1201
:107DB00003F00F0003F4F013B3F5802F00F0B2804E
:107DC000B3F5402F09D104EB8000002106F5805661
:107DD000C3681B6A8A4240F09880694B1F4203D0F7
:107DE000B9F101097FF439AF03B0BDE8F08FD4F8E1
:107DF00090604FF0000BD4F894205FFA8BF19268FA
:107E0000914285D806EB4112D2F8000900F44020D7
:107E1000B0F5802F20D1D2F8000900281CDAD2F862
:107E2000000940F09040C2F80009D2F8000900288B
:107E3000FBDBD4F890000191FFF7ACFB019920899E
:107E40000AFA01F220EA0202228104EB8102D268DE
:107E500092680AB1204690470BF1010BCBE702EB89
:107E60004110D0F8003B03F44023B3F5802F12D12A
:107E7000D0F8003B002B0EDA60890AFA01F320EA01
:107E80000303638104EB8103DB68DB681BB12046DD
:107E900001929847019A01363FE7F10303D500218B
:107EA0002046FFF7A3FDB20303D501212046FFF7CB
:107EB0009DFD730303D502212046FFF797FD300394
:107EC00003D503212046FFF791FDF10203D50421DC
:107ED0002046FFF78BFDB20203D505212046FFF7B0
:107EE00085FD730203D506212046FFF77FFD300292
:107EF00003D507212046FFF779FDF1017FF519AF82
:107F000008212046FFF772FD13E7880701D1D6F854
:107F10000080072901F101019CBF03F8018B4FEAA2
:107F2000182857E704EB800E4FF0000C06F580563A
:107F3000DEF80C309969D1E900038968C31A6245FB
:107F400010D1DEF80C1093428869D0E901168BBF7E
:107F5000B618F61852185B1887BF866042608660B4
:107F600043603AE71CF0030F01D1D6F80080634567
:107F70000CF1010C84BF01F8018B4FEA1828DEE7F1
:107F80003000000408B50348FFF75EFEBDE8084076
:107F9000FFF7EEB9E457002008B50348FFF754FE99
:107FA000BDE80840FFF7E4B980580020D0F89030D1
:107FB00003EB4111D1F8003B43F40013C1F8003B3F
:107FC00070470000D0F8903003EB4111D1F8003930
:107FD00043F40013C1F8003970470000D0F8903026
:107FE00003EB4111D1F8003B23F40013C1F8003B2F
:107FF00070470000D0F8903003EB4111D1F8003900
:1080000023F40013C1F80039704700000268436888
:108010001143016003B1184770470000024A13681A
:1080200043F0C003136070470078004013B50E4C56
:108030002046FDF763FB04F1140000234FF40072A7
:108040000A49009400F010FD094B4FF400720949F1
:1080500004F13800009400F089FD074A074BC4E999
:10806000172302B010BD00BF34590020A0590020D2
:108070001D800008A05B00200078004000E1F505AD
:10808000037C30B5244C002918BF0C46012B11D1BC
:10809000224B98420ED1224BD3F8E82042F0804286
:1080A000C3F8E820D3F8102142F08042C3F8102131
:1080B000D3F810312268036EC16D03EB520384665E
:1080C000B3FBF2F36268150442BF23F0070503F027
:1080D000070343EA4503CB60A36843F040034B60CA
:1080E000E36843F001038B6042F4967343F00103AD
:1080F0000B604FF0FF330B62510505D512F01022D3
:1081000005D0B2F1805F04D080F8643030BD7F23A9
:10811000FAE73F23F8E700BFD09B0008345900205E
:10812000004402582DE9F047C66D0546F469220760
:1081300034621AD014F0080118BF4FF48071E307BD
:108140004FF0300348BF41F02001A70748BF41F07E
:108150004001600748BF41F0800183F31188281D6A
:10816000FFF754FF002383F31188E2050AD530237B
:1081700083F311884FF48061281DFFF747FF002328
:1081800083F3118830274FF0000914F0200838D10C
:1081900037683B0615D54FF0300905F1380A20063F
:1081A0000FD589F31188504600F014FD002835DA08
:1081B0000821281DFFF72AFF27F08007002383F3FB
:1081C0001188790613D5620611D5302383F31188FF
:1081D000D5E913239A4207D12B6C2BB127F0400726
:1081E0001021281DFFF712FF002383F31188E306F7
:1081F000376018D5AA6E1369ABB15069BDE8F04776
:10820000184787F31188736A284695F86410194057
:10821000FDF78EFA89F31188F469B6E7B06288F346
:108220001188F469BBE7BDE8F0870000064BD3F87E
:10823000DC200243C3F8DC20D3F804211043C3F848
:108240000401D3F8043170470044025808B53C4B90
:108250004FF0FF31D3F8802062F00042C3F8802055
:10826000D3F8802002F00042C3F88020D3F88020A9
:10827000D3F88420C3F88410D3F884200022C3F8F4
:108280008420D3F88400D86F40F0FF4040F4FF0012
:1082900040F4DF4040F07F00D867D86F20F0FF4007
:1082A00020F4FF0020F4DF4020F07F00D867D86F73
:1082B000D3F888006FEA40506FEA5050C3F8880046
:1082C000D3F88800C0F30A00C3F88800D3F8880008
:1082D000D3F89000C3F89010D3F89000C3F8902022
:1082E000D3F89000D3F89400C3F89410D3F8940016
:1082F000C3F89420D3F89400D3F89800C3F89810EA
:10830000D3F89800C3F89820D3F89800D3F88C00DD
:10831000C3F88C10D3F88C00C3F88C20D3F88C00F1
:10832000D3F89C00C3F89C10D3F89C10C3F89C2091
:10833000D3F89C30FCF742FBBDE8084000F0EAB8F7
:108340000044025808B5554BD3F8F42042F002021D
:10835000C3F8F420D3F81C2142F00202C3F81C2118
:108360000222D3F81C314E4BDA605A689104FCD5D6
:108370004C4A4D491A6001229A60D9600021196166
:108380004FF440419961494BDA6203F511339A6920
:108390009204FCD51A6842F480721A603F4B1A6F3F
:1083A00012F4407F04D04FF480321A6700221A671B
:1083B0001A6842F001021A60384B1A685007FCD55F
:1083C00000221A611A6912F03802FBD101211960EA
:1083D0004FF0804159604FF00051D9605A67344ADC
:1083E000DA62344A1A611A6842F480321A602B4BFE
:1083F0001A689103FCD51A6842F480521A601A6810
:108400009204FCD52C4A2D499A6200225A631963C2
:1084100001F57A01DA6301F2D31199635A64284AAB
:108420001A64284ADA621A6842F0A8521A601B4B92
:108430001A6802F02852B2F1285FF9D148229A61F5
:108440004FF48862DA6140221A621F4ADA641F4AD6
:108450001A651F4A5A651F4A9A6534231E4A1360DB
:10846000136803F00F03042BFAD10C4A136943F08D
:1084700003031361136903F03803182BFAD14FF08B
:108480000050FFF7D3FE4FF08040FFF7CFFE4FF0D4
:108490000040BDE80840FFF7C9BE00BF00440258D5
:1084A0000048025800C000F002000001000400581B
:1084B0000000FF01008890081210200077020B01D5
:1084C000470E0508DD0BBF01200000200000011051
:1084D0000910E000000101100020005208B5034817
:1084E000FCF742FEBDE80840FEF742BFB836002068
:1084F00008B50348FFF716FEBDE80840FEF738BF91
:108500003459002008B500F0F5FDBDE80840FEF73D
:108510002FBF000008B509217A20FCF733FE09219E
:108520007C20FCF72FFE07213220FCF72BFE0C21CC
:108530005220BDE80840FCF725BE000008B5FFF753
:1085400085FE00F0ABFDFDF7D7F8FDF775F8FDF7F8
:10855000D3FAFDF783F9FEF761F9BDE8084000F0B2
:1085600085BB000030B50433039C0172002103FB7E
:108570000425C160C0E90653049B0363059BC0E961
:108580000000C0E90422C0E90842C0E90A114363BF
:1085900030BD00000022416AC260C0E90411C0E998
:1085A0000A226FF00101FDF7AFBE0000D0E90432EE
:1085B000934201D1C2680AB9181D70470020704764
:1085C000036919600021C2680132C260C2691344A4
:1085D00082699342036124BF436A0361FDF788BE49
:1085E00038B504460D46E3683BB162690020131DAF
:1085F0001268A3621344E36207E0237A33B9294681
:108600002046FDF765FE0028EDDA38BD6FF0010069
:10861000FBE70000C368C269013BC36043691344C0
:1086200082699342436124BF436A436100238362AA
:10863000036B03B11847704770B53023044683F3CA
:108640001188866A3EB9FFF7CBFF054618B186F35D
:108650001188284670BDA36AE26A13F8015B934251
:10866000A36202D32046FFF7D5FF002383F31188CE
:10867000EFE700002DE9F84F04460E4617469846EE
:108680004FF0300989F311880025AA46D4F828B0A4
:10869000BBF1000F09D141462046FFF7A1FF20B1F1
:1086A0008BF311882846BDE8F88FD4E90A12A7EBAE
:1086B000050B521A934528BF9346BBF1400F1BD9B7
:1086C000334601F1400251F8040B914243F8040B88
:1086D000F9D1A36A403640354033A362D4E90A2376
:1086E0009A4202D32046FFF795FF8AF31188BD42D4
:1086F000D8D289F31188C9E730465A46F9F782FB88
:10870000A36A5E445D445B44A362E7E710B5029C44
:108710000433017203FB0421C460C0E90613002383
:10872000C0E90A33039B0363049BC0E90000C0E96E
:108730000422C0E90842436310BD0000026A6FF0E2
:108740000101C260426AC0E904220022C0E90A2293
:10875000FDF7DABDD0E904239A4201D1C26822B9FB
:10876000184650F8043B0B60704700231846FAE7A0
:10877000C3680021C2690133C3604369134482693D
:108780009342436124BF436A4361FDF7B1BD0000DA
:1087900038B504460D46E3683BB1236900201A1D35
:1087A000A262E2691344E36207E0237A33B92946FF
:1087B0002046FDF78DFD0028EDDA38BD6FF0010091
:1087C000FBE7000003691960C268013AC260C26930
:1087D000134482699342036124BF436A0361002307
:1087E0008362036B03B118477047000070B53023F4
:1087F0000D460446114683F31188866A2EB9FFF7A9
:10880000C7FF10B186F3118870BDA36A1D70A36AFB
:10881000E26A01339342A36204D3E169204604393A
:10882000FFF7D0FF002080F31188EDE72DE9F84F26
:1088300004460D46904699464FF0300A8AF3118857
:108840000026B346A76A4FB949462046FFF7A0FF66
:1088500020B187F311883046BDE8F88FD4E90A07C4
:108860003A1AA8EB0607974228BF1746402F1BD994
:1088700005F1400355F8042B9D4240F8042BF9D133
:10888000A36A40364033A362D4E90A239A4204D350
:10889000E16920460439FFF795FF8BF311884645BF
:1088A000D9D28AF31188CDE729463A46F9F7AAFAD0
:1088B000A36A3D443E443B44A362E5E7D0E9042378
:1088C0009A4217D1C3689BB1836A8BB1043B9B1A50
:1088D0000ED01360C368013BC360C3691A44836947
:1088E0009A42026124BF436A036100238362012329
:1088F000184670470023FBE701F01F03F0B502F0B4
:108900001F0456095A1C0123B6EB511F50F826507C
:1089100003FA02F34FEA511703F1FF333DBF50F85A
:108920002720C4F12000134003EA05003BBF03FAEF
:1089300000F225FA04F0E0401043F0BD70B57E224D
:108940007F210546FFF7D8FF18B1012819D0002074
:1089500070BD3E2249212846FFF7CEFF2F22044654
:1089600031212846FFF7C8FF06460134502202365F
:1089700053212846B440FFF7BFFF093804FA00F03E
:10898000E6E7302245212846FFF7B6FF0130800296
:10899000DEE7000090F8D63090F8D7201B0403EBF8
:1089A000026390F8D42090F8D500134403EB002024
:1089B00070470000F8B51546826804460B46AA4287
:1089C00000D28568A1692669761AB5420BD218468D
:1089D0002A46F9F717FAA3692B44A3612846A3682E
:1089E0005B1BA360F8BD0CD9AF1B18463246F9F7E4
:1089F00009FA3A46E1683044F9F704FAE3683B447F
:108A0000EBE718462A46F9F7FDF9E368E5E70000C9
:108A100083689342F7B50446154600D28568D4E9C9
:108A20000460361AB5420BD22A46F9F7EBF96369AE
:108A30002B4463612846A3685B1BA36003B0F0BDB1
:108A40000DD93246AF1B0191F9F7DCF901993A468D
:108A5000E0683144F9F7D6F9E3683B44E9E72A4690
:108A6000F9F7D0F9E368E4E710B50A440024C361DC
:108A7000029B8460C16002610362C0E90000C0E93A
:108A8000051110BD08B5D0E90532934201D18268C5
:108A900082B98268013282605A1C426119700021D9
:108AA000D0E904329A4224BFC3684361FDF720FC39
:108AB000002008BD4FF0FF30FBE7000070B5302309
:108AC00004460E4683F31188A568A5B1A368A26980
:108AD000013BA360531CA36115782269934224BF14
:108AE000E368A361E3690BB120469847002383F351
:108AF0001188284607E031462046FDF7E9FB0028AB
:108B0000E2DA85F3118870BD2DE9F74F04460E4671
:108B100017469846D0F81C904FF0300A8AF3118817
:108B20004FF0000B154665B12A4631462046FFF747
:108B300041FF034660B941462046FDF7C9FB0028C6
:108B4000F1D0002383F31188781B03B0BDE8F08FC8
:108B5000B9F1000F03D001902046C847019B8BF369
:108B60001188ED1A1E448AF31188DCE7C160C361E5
:108B7000009B82600362C0E905111144C0E9000056
:108B800001617047F8B504460D461646302383F35D
:108B90001188A768A7B1A368013BA36063695A1C49
:108BA00062611D70D4E904329A4224BFE3686361B4
:108BB000E3690BB120469847002080F3118807E055
:108BC00031462046FDF784FB0028E2DA87F311885E
:108BD000F8BD0000D0E9052310B59A4201D18268A2
:108BE0007AB982680021013282605A1C82611C7845
:108BF00003699A4224BFC3688361FDF779FB20466D
:108C000010BD4FF0FF30FBE72DE9F74F04460E464D
:108C100017469846D0F81C904FF0300A8AF3118816
:108C20004FF0000B154665B12A4631462046FFF746
:108C3000EFFE034660B941462046FDF749FB002898
:108C4000F1D0002383F31188781B03B0BDE8F08FC7
:108C5000B9F1000F03D001902046C847019B8BF368
:108C60001188ED1A1E448AF31188DCE700F018BA67
:108C7000014B586A704700BF000C0040034B0022B4
:108C800058631A610222DA60704700BF000C00408E
:108C9000014B0022DA607047000C0040014B586322
:108CA000704700BF000C0040024B034A1A60034AA1
:108CB0005A607047A05D0020C85D002000000220BF
:108CC000094B70B5D3E90054661BB04209D8201A8D
:108CD00049420840821A954203D8944201D35A600F
:108CE00070BD0020FCE700BFA05D002008B5302368
:108CF00083F31188FFF7E4FF002383F3118808BD95
:108D00000448054B03600023C0E901330C3000F038
:108D10001FB900BFA85D0020ED8C0008CB1D083AEC
:108D200023F00703591A521A10B4D2080024C0E9DC
:108D3000004384600C301C605A605DF8044B00F006
:108D400007B900002DE9F74FCC1D3A4F0E4624F02D
:108D50000703002818BF0746994204D9002420467B
:108D600003B0BDE8F08F082A07F10C004FEAD404E5
:108D700038BF08220190904600F02CF93A1D019866
:108D800008F1070EC8F100099446126872B900F0A4
:108D90002BF93B68002BE1D0E000082241469847C0
:108DA00004460028DBD040E90276D8E702EB0E014A
:108DB000D2F804A001EA09010AF10105A1F10803B2
:108DC00002EBC5059D42DFD9691AB4EBE10F4FEA0A
:108DD000E10BD9D89A4219D202F10801A345A3EBBD
:108DE00001014FEAE101516009D9651CE44303EB3D
:108DF000C5015C444C60146843F8354011601C4662
:108E00005E6044F8087B00F0EFF8A8E7A24511681F
:108E100003D1CCF800101346F1E7013402EBC40390
:108E200042F8341003F108016D1AED105D60CCF8C2
:108E30000030F0E7A85D002073B50446A0F10805F6
:108E400050F8080C54F8043C061D0C300733019010
:108E5000DB0844F8043C00F0BDF8334601989E421C
:108E60001A6801D0AB4228D20AB1954225D244F803
:108E7000082C54F8042C1D60013254F8081C05EB32
:108E8000C206B14206D14E68324444F8042C0A6846
:108E900044F8082C5E68711C03EBC1018D4207D1B8
:108EA00054F8042C013232445A6054F8082C1A60E9
:108EB00002B0BDE8704000F097B81346CFE700005D
:108EC000FEE7000070B51E4B0025044686B05860D2
:108ED0000E4605638163FEF723FA04F12803A560BB
:108EE0006563C4E90A3304F11003C4E904334FF0A5
:108EF000FF33C4E90044C4E90635FFF7B9FE2B4649
:108F0000024604F13C012046C4E9082380230D4AAF
:108F10006567FDF757F97368E0600B4A0362012348
:108F2000009280F824306846F26801923269CDE9F7
:108F30000223064BCDE90435FDF778F906B070BD84
:108F4000B83B0020F09B0008E89B0008C18E000899
:108F50000023C0E9000083600361704770B51C4BBB
:108F600005468468DE685CB3B44213D103690133FB
:108F7000036170BDA36094F8243083B1062B15D132
:108F8000A06A2146D4E9003213605A60FDF776F8F2
:108F9000A36A9C68B368A2689A42EBD306E0D4E95E
:108FA0000032204613605A60FDF778F828463146B3
:108FB000FDF764F8B5620620BDE87040FDF770B8B3
:108FC0000369866001330361336BC3603063D0E7AC
:108FD0001039002008B5302383F31188FFF7BEFF56
:108FE000002383F3118808BD194BD96883688B422D
:108FF00010B520D1302383F311880269013A026150
:10900000B2B90468C368A0420B631ED04A6B9BB917
:1090100001238A60036103681A68026050601A6B5A
:109020008360C26018631846FDF738F8FDF798F8BA
:10903000002383F3118810BD1C68A34203D0A468E9
:10904000A24238BF2246DB68E1E78260F0E700BF5A
:1090500010390020024A536B18435063704700BF19
:109060001039002038B5EFF311859DB9EFF3058471
:10907000C4F30804302334B183F31188FDF77CFA7C
:1090800085F3118838BD83F31188FDF775FA84F3F1
:10909000118838BDBDE83840FDF76EBA7047000052
:1090A000114BD3F8E82042F00802C3F8E820D3F8C7
:1090B000102142F00802C3F810210C4AD3F81031F5
:1090C000D36B43F00803D363EF22094B9A624FF04E
:1090D000FF32DA6200229A615A63DA605A60012232
:1090E0005A611A60704700BF004402580010005CCB
:1090F000000C0040094A08B51169D3680B40D9B289
:109100009B076FEA0101116107D5302383F31188B2
:10911000FDF74CF8002383F3118808BD000C0040D4
:1091200010B501390244904201D1002005E00378D6
:1091300011F8014FA34201D0181B10BD0130F2E716
:10914000884210B501EB020402D98442234607D8B5
:10915000431EA14208D011F8012B03F8012FF8E7B4
:10916000024401468A4200D110BD13F8014D02F8B5
:10917000014DF7E7C9B2034610F8012B1AB18A4234
:10918000F9D118467047002918BF0023F9E70000FD
:10919000034611F8012B03F8012B002AF9D170477F
:1091A00010B50139034632B111F8014F03F8014BF4
:1091B000013A002CF7D11A440021934200D110BD8E
:1091C00003F8011BF9E70000383333326161633182
:1091D00066326566306163320000000012100000E4
:1091E00012110000121300004D4435002D2D0A000D
:1091F0002F6172647570696C6F742E6162696E00A4
:109200002F6172647570696C6F742D766572696612
:10921000792E6162696E002F6172647570696C6F7E
:10922000742D666C6173682E6162696E002F6172C5
:10923000647570696C6F742D666C61736865642EFB
:109240006162696E00000000000000000000000084
:10925000150F0008D90F000829110008190F000880
:10926000D10F00080000000000000000110F0008EE
:10927000E50F0008611100080D0F0008410F0008FC
:1092800053544D333248373F3F3F0053544D3332F0
:10929000483733782F3732780053544D33324837BC
:1092A00034332F3735332F373530000001105A0053
:1092B0000310590001205800032056002F00000021
:1092C0005375636365737366756C6C79206D6F7528
:1092D0006E746564205344436172642028736C6F1C
:1092E00077646F776E3D2575290A0000EB7690450F
:1092F000584641542020200046415433322020203B
:10930000000000002A3A3C3E7C223F7F002B2C3B91
:109310003D5B5D004355454141414143454545491C
:10932000494941414592924F4F4F5555594F554FDD
:109330009C4F9E9F41494F55A5A5A6A7A8A9AAAB9A
:10934000ACADAEAFB0B1B2B3B4414141B8B9BABB44
:10935000BCBDBEBFC0C1C2C3C4C54141C8C9CACBE0
:10936000CCCDCECFD1D145454549494949D9DADBA4
:10937000DCDD49DF4FE14F4F4F4FE6E8E8555555EB
:109380005959EEEFF0F1F2F3F4F5F6F7F8F9FAFBCC
:10939000FCFDFEFF01030507090E10121416181C30
:1093A0001E00000061001A03E0001703F800070325
:1093B000FF0001007801000130013201060139018E
:1093C00010014A012E017901060180014D0043027E
:1093D0008101820182018401840186018701870164
:1093E00089018A018B018B018D018E018F01900112
:1093F0009101910193019401F60196019701980161
:1094000098013D029B019C019D0120029F01A0014A
:10941000A001A201A201A401A401A601A701A70124
:10942000A901AA01AB01AC01AC01AE01AF01AF01D2
:10943000B101B201B301B301B501B501B701B80182
:10944000B801BA01BB01BC01BC01BE01F701C001FA
:10945000C101C201C301C401C501C401C701C801E2
:10946000C701CA01CB01CA01CD011001DD01010014
:109470008E01DE011201F3010300F101F401F40198
:10948000F8012801220212013A020900652C3B0270
:109490003B023D02662C3F0240024102410246026D
:1094A0000A015302400081018601550289018A01A7
:1094B00058028F015A0290015C025D025E025F0257
:1094C000930161026202940164026502660267020E
:1094D000970196016A02622C6C026D026E029C0179
:1094E000700271029D01730274029F01760277027D
:1094F000780279027A027B027C02642C7E027F026F
:10950000A60181028202A9018402850286028702E5
:10951000AE014402B101B20145028D028E028F02FA
:1095200090029102B7017B030300FD03FE03FF03DA
:10953000AC0304008603880389038A03B103110383
:10954000C2030200A303A303C4030803CC03030064
:109550008C038E038F03D8031801F2030A00F9036A
:10956000F303F403F503F603F703F703F903FA0330
:10957000FA033004200350041007600422018A0417
:109580003601C1040E01CF040100C004D00444011F
:1095900061052604000000007D1D0100632C001EF3
:1095A0009601A01E5A01001F0806101F0606201F64
:1095B0000806301F0806401F0606511F0700591FE6
:1095C000521F5B1F541F5D1F561F5F1F601F080641
:1095D000701F0E00BA1FBB1FC81FC91FCA1FCB1F99
:1095E000DA1FDB1FF81FF91FEA1FEB1FFA1FFB1F13
:1095F000801F0806901F0806A01F0806B01F040061
:10960000B81FB91FB21FBC1FCC1F0100C31FD01F42
:109610000206E01F0206E51F0100EC1FF31F010018
:10962000FC1F4E2101003221702110028421010013
:109630008321D0241A05302C2F04602C0201672CC2
:109640000601752C0201802C6401002D260841FFC3
:109650001A030000C700FC00E900E200E400E0009B
:10966000E500E700EA00EB00E800EF00EE00EC00A8
:10967000C400C500C900E600C600F400F600F20010
:10968000FB00F900FF00D600DC00F800A300D800C2
:10969000D7009201E100ED00F300FA00F100D100E3
:1096A000AA00BA00BF00AE00AC00BD00BC00A10023
:1096B000AB00BB0091259225932502252425C100EE
:1096C000C200C000A9006325512557255D25A200D1
:1096D000A5001025142534252C251C2500253C2506
:1096E000E300C3005A2554256925662560255025C9
:1096F0006C25A400F000D000CA00CB00C8003101E6
:10970000CD00CE00CF0018250C2588258425A60085
:10971000CC008025D300DF00D400D200F500D500B6
:10972000B500FE00DE00DA00DB00D900FD00DD0040
:10973000AF00B400AD00B1001720BE00B600A70016
:10974000F700B800B000A800B700B900B300B2003D
:10975000A025A000100002400800024000080240BE
:1097600000000B00280002400800024004080240EC
:1097700006010C00400002400800024008080240B8
:1097800010020D0058000240080002400C08024080
:1097900016030E00700002400C0002401008024048
:1097A00000040F00880002400C0002401408024030
:1097B00006051000A00002400C00024018080240FC
:1097C00010061100B80002400C0002401C080240C4
:1097D00016072F001004024008040240200802402F
:1097E000000838002804024008040240240802400F
:1097F00006093900400402400804024028080240DB
:10980000100A3A0058040240080402402C080240A2
:10981000160B3B00700402400C040240300802406A
:10982000000C3C00880402400C0402403408024052
:10983000060D4400A00402400C0402403808024017
:10984000100E4500B80402400C0402403C080240DF
:10985000160F46000100000000000000000000009C
:109860001568000819680008855300084953000866
:109870003D5200086952000895520008DD51000869
:1098800000000000B9560008A5560008E15600087F
:10989000CD560008D9560008C5560008B156000834
:1098A0009D560008ED56000800000000D157000842
:1098B000BD570008F9570008E5570008F1570008A0
:1098C000DD570008C9570008B5570008515800086F
:1098D00000000000010000000000000063300000F4
:1098E000DC9800080000000000000000883900201B
:1098F000B83B00200000A00200000000AAAAAAAA0B
:1099000000000000FFFF00000000000000AA0A00A5
:10991000800200A000000000AAAAAAAA40010050EC
:10992000FFFF000000900900000000990000000007
:1099300000000000AAAAAAAA00000000FFFF000081
:10994000000000000000000000A000000000000077
:10995000AAAAAAAA00400000FFFF0000000000BB66
:10996000000000000080024100000000AAAAAAAA8C
:1099700000400100FF6F00000000007007000000C1
:109980000000000000000000AAAAAAAA000000002F
:10999000FFFF0000000000000000000000000000C9
:1099A00000000000AAAAAAAA00000000FFFF000011
:1099B00000000000000000000000000000000000A7
:1099C000AAAAAAAA00000000FFFF000000000000F1
:1099D000000000000000000000000000AAAAAAAADF
:1099E00000000000FFFF0000000000000000000079
:1099F0000000000000000000AAAAAAAA00000000BF
:109A0000FFFF000000000000000000000000000058
:109A100000000000AAAAAAAA00000000FFFF0000A0
:109A200000000000000000004172647550696C6F16
:109A3000740025424F415244252D424C0025534588
:109A40005249414C250000000200000000000000C7
:109A5000F9590008755A0008400040006854002079
:109A60007854002002000000000000000300000005
:109A700000000000C15A00080000000010000000B3
:109A800088540020000000000100000000000000D9
:109A9000E457002001010200116900082168000854
:109AA000BD680008A168000843000000B09A0008E3
:109AB00009024300020100C0320904000001020251
:109AC0000100052400100105240100010424020204
:109AD0000524060001070582030800FF09040100B0
:109AE000020A00000007050102400000070581028C
:109AF0004000000012000000FC9A00081201100152
:109B00000200004009124157000201020301000057
:109B10000403090425424F41524425004142534960
:109B200046430030313233343536373839414243D9
:109B30004445460000000020000002000200000032
:109B400000000030000004000800000000000024B5
:109B500000000800040000000004000000FC0000F9
:109B60000200000000000430008000000800000037
:109B70000000003800000100010000001F1C1F1E33
:109B80001F1E1F1F1E1F1E1F1F1D1F1E1F1E1F1FEC
:109B90001E1F1E1F00000000555C0008FD5E00082F
:109BA000955F0008400040001C5900201C5900200F
:109BB000010000002C59002080000000400100003E
:109BC0000800000000010000001000000800000074
:109BD00000960000000000000000000000000000EF
:109BE000000000000000000069646C6500000000D7
:109BF0006D61696E002C0638040438080C10141CC2
:109C00002024252600000000000064040100040058
:109C100000000000000C0010283034004C68FF7F6A
:109C200001000000FFFFFFFFC30400000000000070
:109C300000001A0000000000FF000000C03B0020F0
:109C40000000000080920008830400008B9200084E
:109C5000500400009992000801000000000000007C
:109C600000960000000008009600000000080000B8
:109C700004000000109B000800000000000000002D
:109C800000000000000000000000000000000000D4
:00000001FF
